flight_id,airline,source,destination,departure_time,arrival_time,duration,duration_hours,route,flight_date
SJ010,SpiceJet,CCU,MAA,2026-04-20 23:38:41.701,2026-04-21 02:32:41.701,0 days 02:54:00,2.9,CCU → MAA,2026-04-20
AI155,Air India,BOM,CCU,2026-04-20 23:35:41.703,2026-04-21 01:23:41.703,0 days 01:48:00,1.8,BOM → CCU,2026-04-20
UK094,Vistara,BOM,CCU,2026-04-20 23:26:41.702,2026-04-21 01:11:41.702,0 days 01:45:00,1.75,BOM → CCU,2026-04-20
AI245,Air India,BOM,CCU,2026-04-20 23:07:41.704,2026-04-21 01:43:41.704,0 days 02:36:00,2.6,BOM → CCU,2026-04-20
AI192,Air India,MAA,BOM,2026-04-20 23:05:41.703,2026-04-21 04:04:41.703,0 days 04:59:00,4.983333333333333,MAA → BOM,2026-04-20
SJ158,SpiceJet,DEL,HYD,2026-04-20 23:05:41.703,2026-04-21 01:24:41.703,0 days 02:19:00,2.316666666666667,DEL → HYD,2026-04-20
6F196,IndiGo,CCU,MAA,2026-04-20 23:04:41.703,2026-04-21 00:47:41.703,0 days 01:43:00,1.7166666666666666,CCU → MAA,2026-04-20
AI080,Air India,BOM,HYD,2026-04-20 23:03:41.702,2026-04-21 00:35:41.702,0 days 01:32:00,1.5333333333333334,BOM → HYD,2026-04-20
6F025,IndiGo,BLR,BOM,2026-04-20 23:02:41.701,2026-04-20 23:57:41.701,0 days 00:55:00,0.9166666666666666,BLR → BOM,2026-04-20
6F251,IndiGo,DEL,BLR,2026-04-20 22:56:41.703,2026-04-20 23:37:41.703,0 days 00:41:00,0.6833333333333333,DEL → BLR,2026-04-20
AI137,Air India,BOM,DEL,2026-04-20 22:49:41.702,2026-04-21 01:17:41.702,0 days 02:28:00,2.466666666666667,BOM → DEL,2026-04-20
6F026,IndiGo,BOM,CCU,2026-04-20 22:46:42.000,2026-04-21 03:13:42.000,0 days 04:27:00,4.45,BOM → CCU,2026-04-20
UK167,Vistara,DEL,MAA,2026-04-20 22:45:41.703,2026-04-21 01:46:41.703,0 days 03:01:00,3.0166666666666666,DEL → MAA,2026-04-20
UK027,Vistara,BOM,CCU,2026-04-20 22:44:41.701,2026-04-21 01:05:41.701,0 days 02:21:00,2.35,BOM → CCU,2026-04-20
AI069,Air India,DEL,BOM,2026-04-20 22:43:41.702,2026-04-21 02:29:41.702,0 days 03:46:00,3.7666666666666666,DEL → BOM,2026-04-20
AI058,Air India,BOM,CCU,2026-04-20 22:40:41.701,2026-04-21 00:18:41.701,0 days 01:38:00,1.6333333333333333,BOM → CCU,2026-04-20
AI140,Air India,BOM,DEL,2026-04-20 22:25:41.702,2026-04-21 02:08:41.702,0 days 03:43:00,3.716666666666667,BOM → DEL,2026-04-20
SJ239,SpiceJet,BOM,CCU,2026-04-20 22:24:41.704,2026-04-21 00:10:41.704,0 days 01:46:00,1.7666666666666666,BOM → CCU,2026-04-20
6F099,IndiGo,MAA,DEL,2026-04-20 22:24:41.702,2026-04-20 22:59:41.702,0 days 00:35:00,0.5833333333333334,MAA → DEL,2026-04-20
AI048,Air India,CCU,DEL,2026-04-20 22:23:41.701,2026-04-21 02:15:41.701,0 days 03:52:00,3.8666666666666667,CCU → DEL,2026-04-20
SJ112,SpiceJet,HYD,DEL,2026-04-20 22:20:41.702,2026-04-21 00:40:41.702,0 days 02:20:00,2.3333333333333335,HYD → DEL,2026-04-20
6F164,IndiGo,BLR,BOM,2026-04-20 22:18:41.703,2026-04-21 00:45:41.703,0 days 02:27:00,2.45,BLR → BOM,2026-04-20
UK021,Vistara,HYD,MAA,2026-04-20 22:00:41.701,2026-04-20 23:50:41.701,0 days 01:50:00,1.8333333333333333,HYD → MAA,2026-04-20
SJ172,SpiceJet,CCU,DEL,2026-04-20 21:58:41.703,2026-04-21 01:14:41.703,0 days 03:16:00,3.2666666666666666,CCU → DEL,2026-04-20
AI060,Air India,DEL,HYD,2026-04-20 21:58:41.701,2026-04-20 23:51:41.701,0 days 01:53:00,1.8833333333333333,DEL → HYD,2026-04-20
SJ205,SpiceJet,HYD,CCU,2026-04-20 21:56:41.703,2026-04-20 23:00:41.703,0 days 01:04:00,1.0666666666666667,HYD → CCU,2026-04-20
SJ093,SpiceJet,BLR,BOM,2026-04-20 21:55:41.702,2026-04-20 23:01:41.702,0 days 01:06:00,1.1,BLR → BOM,2026-04-20
6F195,IndiGo,CCU,DEL,2026-04-20 21:44:41.703,2026-04-20 22:39:41.703,0 days 00:55:00,0.9166666666666666,CCU → DEL,2026-04-20
UK003,Vistara,HYD,DEL,2026-04-20 21:41:41.700,2026-04-21 02:19:41.700,0 days 04:38:00,4.633333333333334,HYD → DEL,2026-04-20
UK026,Vistara,HYD,MAA,2026-04-20 21:38:41.701,2026-04-20 23:44:41.701,0 days 02:06:00,2.1,HYD → MAA,2026-04-20
6F174,IndiGo,DEL,HYD,2026-04-20 21:36:41.703,2026-04-20 22:16:41.703,0 days 00:40:00,0.6666666666666666,DEL → HYD,2026-04-20
UK067,Vistara,BOM,CCU,2026-04-20 21:36:41.701,2026-04-21 01:02:41.701,0 days 03:26:00,3.433333333333333,BOM → CCU,2026-04-20
SJ149,SpiceJet,HYD,MAA,2026-04-20 21:20:41.702,2026-04-20 23:20:42.000,0 days 02:00:00.298000,2.0000827777777777,HYD → MAA,2026-04-20
6F213,IndiGo,BLR,BOM,2026-04-20 21:05:41.703,2026-04-21 00:32:41.703,0 days 03:27:00,3.45,BLR → BOM,2026-04-20
UK200,Vistara,CCU,DEL,2026-04-20 20:54:41.703,2026-04-20 22:45:41.703,0 days 01:51:00,1.85,CCU → DEL,2026-04-20
SJ214,SpiceJet,BOM,MAA,2026-04-20 20:54:41.703,2026-04-20 22:10:41.703,0 days 01:16:00,1.2666666666666666,BOM → MAA,2026-04-20
SJ047,SpiceJet,HYD,BOM,2026-04-20 20:44:41.701,2026-04-20 21:21:41.701,0 days 00:37:00,0.6166666666666667,HYD → BOM,2026-04-20
AI179,Air India,HYD,BOM,2026-04-20 20:41:41.703,2026-04-21 01:19:41.703,0 days 04:38:00,4.633333333333334,HYD → BOM,2026-04-20
SJ153,SpiceJet,DEL,CCU,2026-04-20 20:37:41.702,2026-04-20 22:00:41.702,0 days 01:23:00,1.3833333333333333,DEL → CCU,2026-04-20
6F236,IndiGo,BOM,DEL,2026-04-20 20:35:41.704,2026-04-20 23:54:41.704,0 days 03:19:00,3.316666666666667,BOM → DEL,2026-04-20
UK059,Vistara,HYD,MAA,2026-04-20 20:33:41.701,2026-04-20 22:10:41.701,0 days 01:37:00,1.6166666666666667,HYD → MAA,2026-04-20
SJ001,SpiceJet,BOM,MAA,2026-04-20 20:28:41.700,2026-04-21 01:15:41.700,0 days 04:47:00,4.783333333333333,BOM → MAA,2026-04-20
SJ049,SpiceJet,CCU,DEL,2026-04-20 20:26:41.701,2026-04-21 00:26:41.701,0 days 04:00:00,4.0,CCU → DEL,2026-04-20
6F086,IndiGo,MAA,HYD,2026-04-20 20:23:41.702,2026-04-20 21:00:41.702,0 days 00:37:00,0.6166666666666667,MAA → HYD,2026-04-20
AI220,Air India,BOM,DEL,2026-04-20 20:19:41.703,2026-04-20 21:57:41.703,0 days 01:38:00,1.6333333333333333,BOM → DEL,2026-04-20
AI188,Air India,CCU,HYD,2026-04-20 20:16:41.703,2026-04-20 23:02:41.703,0 days 02:46:00,2.7666666666666666,CCU → HYD,2026-04-20
6F114,IndiGo,BOM,MAA,2026-04-20 20:10:41.702,2026-04-20 21:00:41.702,0 days 00:50:00,0.8333333333333334,BOM → MAA,2026-04-20
SJ179,SpiceJet,DEL,HYD,2026-04-20 20:09:41.703,2026-04-20 23:39:41.703,0 days 03:30:00,3.5,DEL → HYD,2026-04-20
6F190,IndiGo,DEL,MAA,2026-04-20 20:02:41.703,2026-04-21 00:36:41.703,0 days 04:34:00,4.566666666666666,DEL → MAA,2026-04-20
SJ003,SpiceJet,MAA,CCU,2026-04-20 19:50:41.701,2026-04-20 20:32:41.701,0 days 00:42:00,0.7,MAA → CCU,2026-04-20
6F028,IndiGo,HYD,CCU,2026-04-20 19:49:41.701,2026-04-20 21:49:41.701,0 days 02:00:00,2.0,HYD → CCU,2026-04-20
UK036,Vistara,CCU,BLR,2026-04-20 19:48:41.701,2026-04-21 00:12:41.701,0 days 04:24:00,4.4,CCU → BLR,2026-04-20
SJ160,SpiceJet,MAA,BLR,2026-04-20 19:45:41.703,2026-04-20 20:30:41.703,0 days 00:45:00,0.75,MAA → BLR,2026-04-20
6F151,IndiGo,CCU,HYD,2026-04-20 19:44:41.703,2026-04-20 22:04:41.703,0 days 02:20:00,2.3333333333333335,CCU → HYD,2026-04-20
UK140,Vistara,MAA,BLR,2026-04-20 19:37:41.703,2026-04-20 21:00:41.703,0 days 01:23:00,1.3833333333333333,MAA → BLR,2026-04-20
AI115,Air India,MAA,BLR,2026-04-20 19:37:41.702,2026-04-21 00:26:41.702,0 days 04:49:00,4.816666666666666,MAA → BLR,2026-04-20
AI132,Air India,BLR,BOM,2026-04-20 19:32:41.702,2026-04-20 21:41:41.702,0 days 02:09:00,2.15,BLR → BOM,2026-04-20
UK209,Vistara,MAA,BLR,2026-04-20 19:02:41.704,2026-04-20 21:47:41.704,0 days 02:45:00,2.75,MAA → BLR,2026-04-20
SJ043,SpiceJet,MAA,DEL,2026-04-20 18:59:41.701,2026-04-20 21:08:41.701,0 days 02:09:00,2.15,MAA → DEL,2026-04-20
UK176,Vistara,HYD,BLR,2026-04-20 18:41:41.703,2026-04-20 22:49:41.703,0 days 04:08:00,4.133333333333334,HYD → BLR,2026-04-20
UK216,Vistara,MAA,HYD,2026-04-20 18:33:41.704,2026-04-20 21:47:41.704,0 days 03:14:00,3.2333333333333334,MAA → HYD,2026-04-20
UK150,Vistara,DEL,CCU,2026-04-20 18:31:41.703,2026-04-20 19:01:41.703,0 days 00:30:00,0.5,DEL → CCU,2026-04-20
UK145,Vistara,BOM,HYD,2026-04-20 18:30:41.703,2026-04-20 20:41:41.703,0 days 02:11:00,2.183333333333333,BOM → HYD,2026-04-20
6F270,IndiGo,HYD,MAA,2026-04-20 18:14:41.701,2026-04-20 19:02:41.701,0 days 00:48:00,0.8,HYD → MAA,2026-04-20
6F012,IndiGo,CCU,HYD,2026-04-20 18:06:41.701,2026-04-20 21:31:41.701,0 days 03:25:00,3.4166666666666665,CCU → HYD,2026-04-20
SJ236,SpiceJet,MAA,BOM,2026-04-20 18:03:41.704,2026-04-20 22:02:41.704,0 days 03:59:00,3.9833333333333334,MAA → BOM,2026-04-20
6F149,IndiGo,BLR,CCU,2026-04-20 17:57:41.703,2026-04-20 20:42:41.703,0 days 02:45:00,2.75,BLR → CCU,2026-04-20
UK004,Vistara,BOM,CCU,2026-04-20 17:56:41.700,2026-04-20 18:30:41.700,0 days 00:34:00,0.5666666666666667,BOM → CCU,2026-04-20
UK010,Vistara,MAA,HYD,2026-04-20 17:53:41.701,2026-04-20 20:40:41.701,0 days 02:47:00,2.783333333333333,MAA → HYD,2026-04-20
UK215,Vistara,BOM,DEL,2026-04-20 17:38:41.704,2026-04-20 19:50:41.704,0 days 02:12:00,2.2,BOM → DEL,2026-04-20
SJ116,SpiceJet,HYD,CCU,2026-04-20 17:33:41.702,2026-04-20 19:02:41.702,0 days 01:29:00,1.4833333333333334,HYD → CCU,2026-04-20
SJ023,SpiceJet,HYD,MAA,2026-04-20 17:27:41.701,2026-04-20 19:09:41.701,0 days 01:42:00,1.7,HYD → MAA,2026-04-20
UK152,Vistara,BOM,CCU,2026-04-20 17:24:41.703,2026-04-20 20:13:41.703,0 days 02:49:00,2.816666666666667,BOM → CCU,2026-04-20
SJ202,SpiceJet,CCU,HYD,2026-04-20 17:21:41.703,2026-04-20 19:08:41.703,0 days 01:47:00,1.7833333333333334,CCU → HYD,2026-04-20
6F043,IndiGo,BOM,HYD,2026-04-20 17:17:41.701,2026-04-20 18:43:41.701,0 days 01:26:00,1.4333333333333333,BOM → HYD,2026-04-20
UK173,Vistara,MAA,BLR,2026-04-20 17:06:41.703,2026-04-20 21:22:41.703,0 days 04:16:00,4.266666666666667,MAA → BLR,2026-04-20
SJ081,SpiceJet,BOM,BLR,2026-04-20 17:04:41.702,2026-04-20 18:53:41.702,0 days 01:49:00,1.8166666666666667,BOM → BLR,2026-04-20
UK153,Vistara,CCU,HYD,2026-04-20 16:52:41.703,2026-04-20 20:53:41.703,0 days 04:01:00,4.016666666666667,CCU → HYD,2026-04-20
UK187,Vistara,BLR,BOM,2026-04-20 16:52:41.703,2026-04-20 18:42:41.703,0 days 01:50:00,1.8333333333333333,BLR → BOM,2026-04-20
UK055,Vistara,HYD,DEL,2026-04-20 16:48:41.701,2026-04-20 19:31:41.701,0 days 02:43:00,2.716666666666667,HYD → DEL,2026-04-20
UK181,Vistara,MAA,DEL,2026-04-20 16:44:41.703,2026-04-20 19:26:41.703,0 days 02:42:00,2.7,MAA → DEL,2026-04-20
UK074,Vistara,BOM,DEL,2026-04-20 16:44:41.702,2026-04-20 18:41:41.702,0 days 01:57:00,1.95,BOM → DEL,2026-04-20
SJ068,SpiceJet,BLR,BOM,2026-04-20 16:44:41.701,2026-04-20 18:48:41.701,0 days 02:04:00,2.066666666666667,BLR → BOM,2026-04-20
AI242,Air India,BLR,CCU,2026-04-20 16:41:41.704,2026-04-20 17:43:41.704,0 days 01:02:00,1.0333333333333334,BLR → CCU,2026-04-20
SJ237,SpiceJet,BOM,CCU,2026-04-20 16:32:41.704,2026-04-20 19:00:41.704,0 days 02:28:00,2.466666666666667,BOM → CCU,2026-04-20
6F194,IndiGo,BOM,CCU,2026-04-20 16:29:41.703,2026-04-20 18:27:41.703,0 days 01:58:00,1.9666666666666666,BOM → CCU,2026-04-20
UK063,Vistara,DEL,BOM,2026-04-20 16:29:41.701,2026-04-20 17:41:41.701,0 days 01:12:00,1.2,DEL → BOM,2026-04-20
UK068,Vistara,BLR,MAA,2026-04-20 16:28:41.701,2026-04-20 18:09:41.701,0 days 01:41:00,1.6833333333333333,BLR → MAA,2026-04-20
UK224,Vistara,CCU,MAA,2026-04-20 16:25:41.704,2026-04-20 20:24:41.704,0 days 03:59:00,3.9833333333333334,CCU → MAA,2026-04-20
UK077,Vistara,HYD,BOM,2026-04-20 16:22:41.702,2026-04-20 18:00:41.702,0 days 01:38:00,1.6333333333333333,HYD → BOM,2026-04-20
UK207,Vistara,MAA,CCU,2026-04-20 16:21:41.703,2026-04-20 17:36:41.703,0 days 01:15:00,1.25,MAA → CCU,2026-04-20
AI221,Air India,MAA,HYD,2026-04-20 16:18:41.703,2026-04-20 18:54:41.703,0 days 02:36:00,2.6,MAA → HYD,2026-04-20
UK109,Vistara,BLR,BOM,2026-04-20 16:06:41.702,2026-04-20 17:06:42.000,0 days 01:00:00.298000,1.0000827777777777,BLR → BOM,2026-04-20
UK089,Vistara,BOM,HYD,2026-04-20 15:38:41.702,2026-04-20 19:50:41.702,0 days 04:12:00,4.2,BOM → HYD,2026-04-20
AI072,Air India,BLR,CCU,2026-04-20 15:34:41.702,2026-04-20 16:32:41.702,0 days 00:58:00,0.9666666666666667,BLR → CCU,2026-04-20
UK131,Vistara,BOM,DEL,2026-04-20 15:33:41.702,2026-04-20 19:39:41.702,0 days 04:06:00,4.1,BOM → DEL,2026-04-20
SJ150,SpiceJet,BOM,HYD,2026-04-20 15:33:41.702,2026-04-20 19:03:41.702,0 days 03:30:00,3.5,BOM → HYD,2026-04-20
6F097,IndiGo,BLR,BOM,2026-04-20 15:32:41.702,2026-04-20 16:49:41.702,0 days 01:17:00,1.2833333333333334,BLR → BOM,2026-04-20
6F123,IndiGo,DEL,HYD,2026-04-20 15:26:41.702,2026-04-20 17:12:41.702,0 days 01:46:00,1.7666666666666666,DEL → HYD,2026-04-20
6F017,IndiGo,CCU,BOM,2026-04-20 15:25:41.701,2026-04-20 18:06:41.701,0 days 02:41:00,2.683333333333333,CCU → BOM,2026-04-20
6F245,IndiGo,CCU,BOM,2026-04-20 15:25:41.701,2026-04-20 18:06:41.701,0 days 02:41:00,2.683333333333333,CCU → BOM,2026-04-20
6F180,IndiGo,MAA,BLR,2026-04-20 15:24:41.703,2026-04-20 19:48:41.703,0 days 04:24:00,4.4,MAA → BLR,2026-04-20
6F152,IndiGo,CCU,DEL,2026-04-20 15:21:41.703,2026-04-20 17:25:41.703,0 days 02:04:00,2.066666666666667,CCU → DEL,2026-04-20
SJ034,SpiceJet,MAA,BOM,2026-04-20 15:20:41.701,2026-04-20 20:11:41.701,0 days 04:51:00,4.85,MAA → BOM,2026-04-20
SJ142,SpiceJet,CCU,BOM,2026-04-20 15:14:41.702,2026-04-20 16:56:41.702,0 days 01:42:00,1.7,CCU → BOM,2026-04-20
UK189,Vistara,BLR,MAA,2026-04-20 15:07:41.703,2026-04-20 18:51:41.703,0 days 03:44:00,3.7333333333333334,BLR → MAA,2026-04-20
SJ044,SpiceJet,DEL,CCU,2026-04-20 15:06:41.701,2026-04-20 17:43:41.701,0 days 02:37:00,2.6166666666666667,DEL → CCU,2026-04-20
SJ196,SpiceJet,DEL,HYD,2026-04-20 14:58:41.703,2026-04-20 17:44:41.703,0 days 02:46:00,2.7666666666666666,DEL → HYD,2026-04-20
6F188,IndiGo,DEL,HYD,2026-04-20 14:57:41.703,2026-04-20 19:39:41.703,0 days 04:42:00,4.7,DEL → HYD,2026-04-20
6F181,IndiGo,BOM,MAA,2026-04-20 14:55:41.703,2026-04-20 16:43:41.703,0 days 01:48:00,1.8,BOM → MAA,2026-04-20
6F077,IndiGo,CCU,DEL,2026-04-20 14:55:41.702,2026-04-20 19:13:41.702,0 days 04:18:00,4.3,CCU → DEL,2026-04-20
SJ154,SpiceJet,BLR,HYD,2026-04-20 14:47:41.702,2026-04-20 16:26:41.702,0 days 01:39:00,1.65,BLR → HYD,2026-04-20
AI025,Air India,HYD,DEL,2026-04-20 14:46:41.701,2026-04-20 17:11:41.701,0 days 02:25:00,2.4166666666666665,HYD → DEL,2026-04-20
AI094,Air India,DEL,BLR,2026-04-20 14:44:41.702,2026-04-20 15:44:42.000,0 days 01:00:00.298000,1.0000827777777777,DEL → BLR,2026-04-20
6F191,IndiGo,BLR,DEL,2026-04-20 14:41:41.703,2026-04-20 15:11:41.703,0 days 00:30:00,0.5,BLR → DEL,2026-04-20
SJ085,SpiceJet,BLR,MAA,2026-04-20 14:41:41.702,2026-04-20 19:11:41.702,0 days 04:30:00,4.5,BLR → MAA,2026-04-20
6F261,IndiGo,CCU,DEL,2026-04-20 14:31:41.703,2026-04-20 17:29:41.703,0 days 02:58:00,2.966666666666667,CCU → DEL,2026-04-20
6F129,IndiGo,DEL,CCU,2026-04-20 14:28:41.702,2026-04-20 16:47:41.702,0 days 02:19:00,2.316666666666667,DEL → CCU,2026-04-20
6F254,IndiGo,MAA,BLR,2026-04-20 14:26:41.703,2026-04-20 18:01:41.703,0 days 03:35:00,3.5833333333333335,MAA → BLR,2026-04-20
SJ185,SpiceJet,BOM,CCU,2026-04-20 14:21:41.703,2026-04-20 15:21:41.703,0 days 01:00:00,1.0,BOM → CCU,2026-04-20
6F030,IndiGo,BOM,DEL,2026-04-20 14:20:41.701,2026-04-20 17:10:41.701,0 days 02:50:00,2.8333333333333335,BOM → DEL,2026-04-20
SJ222,SpiceJet,BOM,DEL,2026-04-20 14:15:41.703,2026-04-20 17:09:41.703,0 days 02:54:00,2.9,BOM → DEL,2026-04-20
6F259,IndiGo,BOM,DEL,2026-04-20 14:10:41.703,2026-04-20 15:21:41.703,0 days 01:11:00,1.1833333333333333,BOM → DEL,2026-04-20
UK083,Vistara,DEL,HYD,2026-04-20 14:10:41.702,2026-04-20 14:59:41.702,0 days 00:49:00,0.8166666666666667,DEL → HYD,2026-04-20
6F051,IndiGo,BLR,BOM,2026-04-20 13:58:41.701,2026-04-20 15:58:41.701,0 days 02:00:00,2.0,BLR → BOM,2026-04-20
SJ088,SpiceJet,CCU,MAA,2026-04-20 13:54:41.702,2026-04-20 14:26:41.702,0 days 00:32:00,0.5333333333333333,CCU → MAA,2026-04-20
6F146,IndiGo,HYD,MAA,2026-04-20 13:51:41.703,2026-04-20 15:07:41.703,0 days 01:16:00,1.2666666666666666,HYD → MAA,2026-04-20
6F047,IndiGo,MAA,DEL,2026-04-20 13:50:41.701,2026-04-20 15:55:41.701,0 days 02:05:00,2.0833333333333335,MAA → DEL,2026-04-20
AI077,Air India,CCU,HYD,2026-04-20 13:45:41.702,2026-04-20 14:51:41.702,0 days 01:06:00,1.1,CCU → HYD,2026-04-20
UK134,Vistara,HYD,CCU,2026-04-20 13:44:41.702,2026-04-20 17:26:41.702,0 days 03:42:00,3.7,HYD → CCU,2026-04-20
AI056,Air India,DEL,MAA,2026-04-20 13:44:41.701,2026-04-20 17:39:41.701,0 days 03:55:00,3.9166666666666665,DEL → MAA,2026-04-20
UK141,Vistara,HYD,MAA,2026-04-20 13:38:41.703,2026-04-20 15:59:41.703,0 days 02:21:00,2.35,HYD → MAA,2026-04-20
AI030,Air India,CCU,HYD,2026-04-20 13:33:41.701,2026-04-20 16:52:41.701,0 days 03:19:00,3.316666666666667,CCU → HYD,2026-04-20
AI029,Air India,MAA,DEL,2026-04-20 13:29:41.701,2026-04-20 17:53:41.701,0 days 04:24:00,4.4,MAA → DEL,2026-04-20
SJ167,SpiceJet,MAA,CCU,2026-04-20 13:18:41.703,2026-04-20 14:12:41.703,0 days 00:54:00,0.9,MAA → CCU,2026-04-20
UK017,Vistara,BLR,HYD,2026-04-20 13:14:41.701,2026-04-20 14:49:41.701,0 days 01:35:00,1.5833333333333333,BLR → HYD,2026-04-20
6F229,IndiGo,MAA,DEL,2026-04-20 13:10:41.704,2026-04-20 14:30:41.704,0 days 01:20:00,1.3333333333333333,MAA → DEL,2026-04-20
SJ117,SpiceJet,MAA,BLR,2026-04-20 13:10:41.702,2026-04-20 17:06:41.702,0 days 03:56:00,3.933333333333333,MAA → BLR,2026-04-20
6F184,IndiGo,MAA,BOM,2026-04-20 13:05:41.703,2026-04-20 16:04:41.703,0 days 02:59:00,2.9833333333333334,MAA → BOM,2026-04-20
AI031,Air India,DEL,MAA,2026-04-20 13:05:41.701,2026-04-20 16:11:41.701,0 days 03:06:00,3.1,DEL → MAA,2026-04-20
AI178,Air India,CCU,BLR,2026-04-20 13:04:41.703,2026-04-20 14:03:41.703,0 days 00:59:00,0.9833333333333333,CCU → BLR,2026-04-20
SJ089,SpiceJet,HYD,CCU,2026-04-20 12:42:41.702,2026-04-20 17:15:41.702,0 days 04:33:00,4.55,HYD → CCU,2026-04-20
UK166,Vistara,HYD,MAA,2026-04-20 12:39:41.703,2026-04-20 17:32:41.703,0 days 04:53:00,4.883333333333334,HYD → MAA,2026-04-20
UK104,Vistara,DEL,BOM,2026-04-20 12:30:41.702,2026-04-20 13:52:41.702,0 days 01:22:00,1.3666666666666667,DEL → BOM,2026-04-20
6F168,IndiGo,HYD,DEL,2026-04-20 12:18:41.703,2026-04-20 15:58:41.703,0 days 03:40:00,3.6666666666666665,HYD → DEL,2026-04-20
AI222,Air India,BOM,DEL,2026-04-20 12:10:41.703,2026-04-20 13:14:41.703,0 days 01:04:00,1.0666666666666667,BOM → DEL,2026-04-20
SJ025,SpiceJet,BOM,CCU,2026-04-20 12:02:41.701,2026-04-20 15:29:41.701,0 days 03:27:00,3.45,BOM → CCU,2026-04-20
6F255,IndiGo,DEL,BOM,2026-04-20 11:59:41.703,2026-04-20 15:33:41.703,0 days 03:34:00,3.566666666666667,DEL → BOM,2026-04-20
UK228,Vistara,DEL,MAA,2026-04-20 11:58:41.704,2026-04-20 15:08:41.704,0 days 03:10:00,3.1666666666666665,DEL → MAA,2026-04-20
6F158,IndiGo,CCU,MAA,2026-04-20 11:58:41.703,2026-04-20 16:04:41.703,0 days 04:06:00,4.1,CCU → MAA,2026-04-20
SJ218,SpiceJet,DEL,HYD,2026-04-20 11:58:41.703,2026-04-20 15:03:41.703,0 days 03:05:00,3.0833333333333335,DEL → HYD,2026-04-20
6F034,IndiGo,BOM,DEL,2026-04-20 11:53:41.701,2026-04-20 12:49:41.701,0 days 00:56:00,0.9333333333333333,BOM → DEL,2026-04-20
UK156,Vistara,MAA,BLR,2026-04-20 11:50:41.703,2026-04-20 15:54:41.703,0 days 04:04:00,4.066666666666666,MAA → BLR,2026-04-20
6F105,IndiGo,BLR,BOM,2026-04-20 11:46:41.702,2026-04-20 12:58:41.702,0 days 01:12:00,1.2,BLR → BOM,2026-04-20
6F073,IndiGo,DEL,CCU,2026-04-20 11:38:41.702,2026-04-20 15:18:41.702,0 days 03:40:00,3.6666666666666665,DEL → CCU,2026-04-20
SJ074,SpiceJet,DEL,CCU,2026-04-20 11:21:41.701,2026-04-20 12:02:41.701,0 days 00:41:00,0.6833333333333333,DEL → CCU,2026-04-20
6F234,IndiGo,BOM,DEL,2026-04-20 11:20:41.704,2026-04-20 14:11:41.704,0 days 02:51:00,2.85,BOM → DEL,2026-04-20
6F068,IndiGo,BLR,HYD,2026-04-20 11:17:41.701,2026-04-20 15:06:41.701,0 days 03:49:00,3.816666666666667,BLR → HYD,2026-04-20
6F074,IndiGo,HYD,BOM,2026-04-20 11:09:41.702,2026-04-20 14:29:41.702,0 days 03:20:00,3.3333333333333335,HYD → BOM,2026-04-20
AI038,Air India,HYD,MAA,2026-04-20 11:05:41.701,2026-04-20 15:44:41.701,0 days 04:39:00,4.65,HYD → MAA,2026-04-20
AI079,Air India,CCU,BLR,2026-04-20 11:04:41.702,2026-04-20 13:19:41.702,0 days 02:15:00,2.25,CCU → BLR,2026-04-20
SJ018,SpiceJet,BOM,CCU,2026-04-20 10:58:41.701,2026-04-20 13:31:41.701,0 days 02:33:00,2.55,BOM → CCU,2026-04-20
6F018,IndiGo,DEL,BLR,2026-04-20 10:57:41.701,2026-04-20 11:43:41.701,0 days 00:46:00,0.7666666666666667,DEL → BLR,2026-04-20
AI091,Air India,CCU,MAA,2026-04-20 10:52:41.702,2026-04-20 15:15:41.702,0 days 04:23:00,4.383333333333334,CCU → MAA,2026-04-20
UK071,Vistara,DEL,HYD,2026-04-20 10:50:41.701,2026-04-20 14:06:41.701,0 days 03:16:00,3.2666666666666666,DEL → HYD,2026-04-20
AI019,Air India,BOM,CCU,2026-04-20 10:49:41.701,2026-04-20 11:51:41.701,0 days 01:02:00,1.0333333333333334,BOM → CCU,2026-04-20
UK212,Vistara,HYD,MAA,2026-04-20 10:46:41.704,2026-04-20 11:31:41.704,0 days 00:45:00,0.75,HYD → MAA,2026-04-20
AI146,Air India,BLR,DEL,2026-04-20 10:40:41.702,2026-04-20 13:46:41.702,0 days 03:06:00,3.1,BLR → DEL,2026-04-20
6F232,IndiGo,MAA,BLR,2026-04-20 10:39:41.704,2026-04-20 12:22:41.704,0 days 01:43:00,1.7166666666666666,MAA → BLR,2026-04-20
6F084,IndiGo,CCU,HYD,2026-04-20 10:34:41.702,2026-04-20 11:34:42.000,0 days 01:00:00.298000,1.0000827777777777,CCU → HYD,2026-04-20
AI129,Air India,BOM,CCU,2026-04-20 10:29:41.702,2026-04-20 13:38:41.702,0 days 03:09:00,3.15,BOM → CCU,2026-04-20
AI240,Air India,MAA,DEL,2026-04-20 10:19:41.704,2026-04-20 12:46:41.704,0 days 02:27:00,2.45,MAA → DEL,2026-04-20
6F091,IndiGo,BLR,CCU,2026-04-20 10:10:41.702,2026-04-20 11:36:41.702,0 days 01:26:00,1.4333333333333333,BLR → CCU,2026-04-20
UK133,Vistara,BOM,DEL,2026-04-20 10:04:41.702,2026-04-20 13:16:41.702,0 days 03:12:00,3.2,BOM → DEL,2026-04-20
SJ007,SpiceJet,BOM,CCU,2026-04-20 10:03:41.701,2026-04-20 14:53:41.701,0 days 04:50:00,4.833333333333333,BOM → CCU,2026-04-20
SJ141,SpiceJet,CCU,DEL,2026-04-20 10:00:41.702,2026-04-20 13:37:41.702,0 days 03:37:00,3.6166666666666667,CCU → DEL,2026-04-20
6F049,IndiGo,HYD,DEL,2026-04-20 10:00:41.701,2026-04-20 13:13:41.701,0 days 03:13:00,3.216666666666667,HYD → DEL,2026-04-20
SJ235,SpiceJet,BOM,DEL,2026-04-20 09:57:41.704,2026-04-20 13:45:41.704,0 days 03:48:00,3.8,BOM → DEL,2026-04-20
UK087,Vistara,HYD,MAA,2026-04-20 09:49:41.702,2026-04-20 13:17:41.702,0 days 03:28:00,3.466666666666667,HYD → MAA,2026-04-20
UK170,Vistara,BOM,BLR,2026-04-20 09:42:41.703,2026-04-20 11:32:41.703,0 days 01:50:00,1.8333333333333333,BOM → BLR,2026-04-20
SJ078,SpiceJet,DEL,HYD,2026-04-20 09:41:41.701,2026-04-20 12:49:41.701,0 days 03:08:00,3.1333333333333333,DEL → HYD,2026-04-20
SJ075,SpiceJet,MAA,BLR,2026-04-20 09:26:41.701,2026-04-20 11:03:41.701,0 days 01:37:00,1.6166666666666667,MAA → BLR,2026-04-20
AI159,Air India,HYD,BLR,2026-04-20 09:23:41.703,2026-04-20 11:36:41.703,0 days 02:13:00,2.216666666666667,HYD → BLR,2026-04-20
UK120,Vistara,HYD,DEL,2026-04-20 09:19:41.702,2026-04-20 13:30:41.702,0 days 04:11:00,4.183333333333334,HYD → DEL,2026-04-20
AI059,Air India,CCU,DEL,2026-04-20 09:16:41.701,2026-04-20 11:43:41.701,0 days 02:27:00,2.45,CCU → DEL,2026-04-20
UK040,Vistara,HYD,CCU,2026-04-20 09:15:41.701,2026-04-20 10:32:41.701,0 days 01:17:00,1.2833333333333334,HYD → CCU,2026-04-20
AI044,Air India,MAA,BLR,2026-04-20 09:03:41.701,2026-04-20 12:36:41.701,0 days 03:33:00,3.55,MAA → BLR,2026-04-20
AI078,Air India,DEL,BOM,2026-04-20 08:58:41.702,2026-04-20 13:28:41.702,0 days 04:30:00,4.5,DEL → BOM,2026-04-20
SJ226,SpiceJet,HYD,BOM,2026-04-20 08:47:41.704,2026-04-20 12:54:41.704,0 days 04:07:00,4.116666666666666,HYD → BOM,2026-04-20
6F209,IndiGo,MAA,CCU,2026-04-20 08:40:41.703,2026-04-20 13:40:41.703,0 days 05:00:00,5.0,MAA → CCU,2026-04-20
UK193,Vistara,HYD,DEL,2026-04-20 08:39:41.703,2026-04-20 09:14:41.703,0 days 00:35:00,0.5833333333333334,HYD → DEL,2026-04-20
6F092,IndiGo,MAA,BLR,2026-04-20 08:39:41.702,2026-04-20 09:15:41.702,0 days 00:36:00,0.6,MAA → BLR,2026-04-20
AI208,Air India,BLR,BOM,2026-04-20 08:38:41.703,2026-04-20 11:52:41.703,0 days 03:14:00,3.2333333333333334,BLR → BOM,2026-04-20
SJ227,SpiceJet,BOM,CCU,2026-04-20 08:32:41.704,2026-04-20 12:53:41.704,0 days 04:21:00,4.35,BOM → CCU,2026-04-20
6F238,IndiGo,BOM,DEL,2026-04-20 08:31:41.704,2026-04-20 09:19:41.704,0 days 00:48:00,0.8,BOM → DEL,2026-04-20
AI084,Air India,BOM,HYD,2026-04-20 08:31:41.702,2026-04-20 09:46:41.702,0 days 01:15:00,1.25,BOM → HYD,2026-04-20
SJ228,SpiceJet,BOM,CCU,2026-04-20 08:29:41.704,2026-04-20 12:16:41.704,0 days 03:47:00,3.783333333333333,BOM → CCU,2026-04-20
UK194,Vistara,CCU,BOM,2026-04-20 08:26:41.703,2026-04-20 09:26:42.000,0 days 01:00:00.297000,1.0000825,CCU → BOM,2026-04-20
6F126,IndiGo,CCU,MAA,2026-04-20 08:21:41.702,2026-04-20 09:39:41.702,0 days 01:18:00,1.3,CCU → MAA,2026-04-20
SJ052,SpiceJet,MAA,BLR,2026-04-20 08:20:41.701,2026-04-20 09:57:41.701,0 days 01:37:00,1.6166666666666667,MAA → BLR,2026-04-20
AI233,Air India,BLR,BOM,2026-04-20 08:04:41.704,2026-04-20 09:52:41.704,0 days 01:48:00,1.8,BLR → BOM,2026-04-20
AI213,Air India,HYD,CCU,2026-04-20 08:03:41.703,2026-04-20 09:14:41.703,0 days 01:11:00,1.1833333333333333,HYD → CCU,2026-04-20
UK076,Vistara,MAA,CCU,2026-04-20 08:03:41.702,2026-04-20 12:26:41.702,0 days 04:23:00,4.383333333333334,MAA → CCU,2026-04-20
SJ022,SpiceJet,DEL,BLR,2026-04-20 07:56:41.701,2026-04-20 11:07:41.701,0 days 03:11:00,3.183333333333333,DEL → BLR,2026-04-20
SJ002,SpiceJet,DEL,BOM,2026-04-20 07:54:41.701,2026-04-20 12:40:41.701,0 days 04:46:00,4.766666666666667,DEL → BOM,2026-04-20
AI163,Air India,HYD,MAA,2026-04-20 07:45:41.703,2026-04-20 08:46:41.703,0 days 01:01:00,1.0166666666666666,HYD → MAA,2026-04-20
UK229,Vistara,HYD,DEL,2026-04-20 07:40:41.704,2026-04-20 11:57:41.704,0 days 04:17:00,4.283333333333333,HYD → DEL,2026-04-20
UK185,Vistara,DEL,MAA,2026-04-20 07:31:41.703,2026-04-20 08:48:41.703,0 days 01:17:00,1.2833333333333334,DEL → MAA,2026-04-20
6F029,IndiGo,BOM,BLR,2026-04-20 07:31:41.701,2026-04-20 11:45:41.701,0 days 04:14:00,4.233333333333333,BOM → BLR,2026-04-20
6F056,IndiGo,BOM,MAA,2026-04-20 07:00:41.701,2026-04-20 08:49:41.701,0 days 01:49:00,1.8166666666666667,BOM → MAA,2026-04-20
AI062,Air India,MAA,DEL,2026-04-20 06:49:41.701,2026-04-20 07:25:41.701,0 days 00:36:00,0.6,MAA → DEL,2026-04-20
UK034,Vistara,DEL,BLR,2026-04-20 06:47:41.701,2026-04-20 10:11:41.701,0 days 03:24:00,3.4,DEL → BLR,2026-04-20
UK079,Vistara,DEL,BLR,2026-04-20 06:43:41.702,2026-04-20 10:34:41.702,0 days 03:51:00,3.85,DEL → BLR,2026-04-20
AI135,Air India,BLR,BOM,2026-04-20 06:40:41.702,2026-04-20 09:21:41.702,0 days 02:41:00,2.683333333333333,BLR → BOM,2026-04-20
SJ061,SpiceJet,MAA,BLR,2026-04-20 06:38:41.701,2026-04-20 09:35:41.701,0 days 02:57:00,2.95,MAA → BLR,2026-04-20
AI047,Air India,CCU,MAA,2026-04-20 06:36:41.701,2026-04-20 07:23:41.701,0 days 00:47:00,0.7833333333333333,CCU → MAA,2026-04-20
UK210,Vistara,DEL,CCU,2026-04-20 06:35:41.704,2026-04-20 07:30:41.704,0 days 00:55:00,0.9166666666666666,DEL → CCU,2026-04-20
AI088,Air India,MAA,DEL,2026-04-20 06:34:41.702,2026-04-20 10:10:41.702,0 days 03:36:00,3.6,MAA → DEL,2026-04-20
UK177,Vistara,DEL,HYD,2026-04-20 06:21:41.703,2026-04-20 10:50:41.703,0 days 04:29:00,4.483333333333333,DEL → HYD,2026-04-20
AI128,Air India,BOM,CCU,2026-04-20 06:07:41.702,2026-04-20 10:03:41.702,0 days 03:56:00,3.933333333333333,BOM → CCU,2026-04-20
AI158,Air India,CCU,DEL,2026-04-20 06:04:41.703,2026-04-20 09:01:41.703,0 days 02:57:00,2.95,CCU → DEL,2026-04-20
UK206,Vistara,MAA,BLR,2026-04-20 06:01:41.703,2026-04-20 10:34:41.703,0 days 04:33:00,4.55,MAA → BLR,2026-04-20
SJ138,SpiceJet,BLR,BOM,2026-04-20 05:55:41.702,2026-04-20 06:43:41.702,0 days 00:48:00,0.8,BLR → BOM,2026-04-20
AI034,Air India,DEL,BOM,2026-04-20 05:48:41.701,2026-04-20 10:31:41.701,0 days 04:43:00,4.716666666666667,DEL → BOM,2026-04-20
AI012,Air India,BOM,CCU,2026-04-20 05:44:41.701,2026-04-20 09:47:41.701,0 days 04:03:00,4.05,BOM → CCU,2026-04-20
6F083,IndiGo,BLR,DEL,2026-04-20 05:24:41.702,2026-04-20 06:03:41.702,0 days 00:39:00,0.65,BLR → DEL,2026-04-20
SJ083,SpiceJet,MAA,BLR,2026-04-20 05:13:41.702,2026-04-20 08:17:41.702,0 days 03:04:00,3.066666666666667,MAA → BLR,2026-04-20
SJ186,SpiceJet,CCU,DEL,2026-04-20 05:11:41.703,2026-04-20 07:22:41.703,0 days 02:11:00,2.183333333333333,CCU → DEL,2026-04-20
UK001,Vistara,CCU,DEL,2026-04-20 05:06:41.700,2026-04-20 06:31:41.700,0 days 01:25:00,1.4166666666666667,CCU → DEL,2026-04-20
AI217,Air India,CCU,BLR,2026-04-20 04:57:41.703,2026-04-20 07:14:41.703,0 days 02:17:00,2.283333333333333,CCU → BLR,2026-04-20
6F178,IndiGo,BOM,CCU,2026-04-20 04:48:41.703,2026-04-20 09:11:41.703,0 days 04:23:00,4.383333333333334,BOM → CCU,2026-04-20
UK015,Vistara,BLR,BOM,2026-04-20 04:46:41.701,2026-04-20 06:33:41.701,0 days 01:47:00,1.7833333333333334,BLR → BOM,2026-04-20
AI112,Air India,DEL,BLR,2026-04-20 04:41:41.702,2026-04-20 08:24:41.702,0 days 03:43:00,3.716666666666667,DEL → BLR,2026-04-20
UK100,Vistara,CCU,BLR,2026-04-20 04:40:41.702,2026-04-20 07:12:41.702,0 days 02:32:00,2.533333333333333,CCU → BLR,2026-04-20
6F133,IndiGo,MAA,BLR,2026-04-20 04:38:41.702,2026-04-20 06:25:41.702,0 days 01:47:00,1.7833333333333334,MAA → BLR,2026-04-20
AI227,Air India,BLR,MAA,2026-04-20 04:31:41.703,2026-04-20 08:17:41.703,0 days 03:46:00,3.7666666666666666,BLR → MAA,2026-04-20
UK093,Vistara,HYD,CCU,2026-04-20 04:31:41.702,2026-04-20 05:21:41.702,0 days 00:50:00,0.8333333333333334,HYD → CCU,2026-04-20
UK203,Vistara,BLR,HYD,2026-04-20 04:12:41.703,2026-04-20 05:24:41.703,0 days 01:12:00,1.2,BLR → HYD,2026-04-20
UK154,Vistara,MAA,HYD,2026-04-20 04:00:41.703,2026-04-20 07:57:41.703,0 days 03:57:00,3.95,MAA → HYD,2026-04-20
UK073,Vistara,BLR,CCU,2026-04-20 03:59:41.702,2026-04-20 08:09:41.702,0 days 04:10:00,4.166666666666667,BLR → CCU,2026-04-20
AI164,Air India,DEL,BLR,2026-04-20 03:57:41.703,2026-04-20 05:45:41.703,0 days 01:48:00,1.8,DEL → BLR,2026-04-20
UK008,Vistara,CCU,BLR,2026-04-20 03:57:41.701,2026-04-20 04:34:41.701,0 days 00:37:00,0.6166666666666667,CCU → BLR,2026-04-20
UK051,Vistara,HYD,DEL,2026-04-20 03:55:41.701,2026-04-20 06:55:41.701,0 days 03:00:00,3.0,HYD → DEL,2026-04-20
UK208,Vistara,DEL,CCU,2026-04-20 03:54:41.704,2026-04-20 08:51:41.704,0 days 04:57:00,4.95,DEL → CCU,2026-04-20
AI150,Air India,BOM,DEL,2026-04-20 03:51:41.703,2026-04-20 04:38:41.703,0 days 00:47:00,0.7833333333333333,BOM → DEL,2026-04-20
AI189,Air India,CCU,DEL,2026-04-20 03:44:41.703,2026-04-20 05:32:41.703,0 days 01:48:00,1.8,CCU → DEL,2026-04-20
6F230,IndiGo,CCU,BLR,2026-04-20 03:34:41.704,2026-04-20 06:47:41.704,0 days 03:13:00,3.216666666666667,CCU → BLR,2026-04-20
6F169,IndiGo,BOM,DEL,2026-04-20 03:27:41.703,2026-04-20 08:06:41.703,0 days 04:39:00,4.65,BOM → DEL,2026-04-20
AI205,Air India,BLR,BOM,2026-04-20 03:26:41.703,2026-04-20 05:14:41.703,0 days 01:48:00,1.8,BLR → BOM,2026-04-20
AI103,Air India,BLR,BOM,2026-04-20 03:26:41.702,2026-04-20 04:04:41.702,0 days 00:38:00,0.6333333333333333,BLR → BOM,2026-04-20
6F250,IndiGo,DEL,BLR,2026-04-20 03:26:41.701,2026-04-20 07:30:41.701,0 days 04:04:00,4.066666666666666,DEL → BLR,2026-04-20
AI246,Air India,BOM,BLR,2026-04-20 03:22:41.704,2026-04-20 06:41:41.704,0 days 03:19:00,3.316666666666667,BOM → BLR,2026-04-20
6F187,IndiGo,BOM,MAA,2026-04-20 03:19:41.703,2026-04-20 07:37:41.703,0 days 04:18:00,4.3,BOM → MAA,2026-04-20
AI082,Air India,DEL,CCU,2026-04-20 03:19:41.702,2026-04-20 06:01:41.702,0 days 02:42:00,2.7,DEL → CCU,2026-04-20
UK116,Vistara,CCU,BOM,2026-04-20 03:18:41.702,2026-04-20 07:06:41.702,0 days 03:48:00,3.8,CCU → BOM,2026-04-20
SJ169,SpiceJet,BOM,MAA,2026-04-20 03:10:41.703,2026-04-20 07:56:41.703,0 days 04:46:00,4.766666666666667,BOM → MAA,2026-04-20
AI175,Air India,BOM,HYD,2026-04-20 03:08:41.703,2026-04-20 06:55:41.703,0 days 03:47:00,3.783333333333333,BOM → HYD,2026-04-20
SJ098,SpiceJet,HYD,MAA,2026-04-20 03:02:41.702,2026-04-20 03:37:41.702,0 days 00:35:00,0.5833333333333334,HYD → MAA,2026-04-20
SJ191,SpiceJet,BLR,BOM,2026-04-20 03:01:41.703,2026-04-20 04:23:41.703,0 days 01:22:00,1.3666666666666667,BLR → BOM,2026-04-20
SJ017,SpiceJet,DEL,MAA,2026-04-20 02:57:41.701,2026-04-20 05:00:41.701,0 days 02:03:00,2.05,DEL → MAA,2026-04-20
UK188,Vistara,MAA,BLR,2026-04-20 02:55:41.703,2026-04-20 03:44:41.703,0 days 00:49:00,0.8166666666666667,MAA → BLR,2026-04-20
AI196,Air India,MAA,HYD,2026-04-20 02:52:41.703,2026-04-20 04:25:41.703,0 days 01:33:00,1.55,MAA → HYD,2026-04-20
AI068,Air India,BOM,BLR,2026-04-20 02:48:41.702,2026-04-20 04:48:42.000,0 days 02:00:00.298000,2.0000827777777777,BOM → BLR,2026-04-20
SJ097,SpiceJet,BOM,CCU,2026-04-20 02:37:41.702,2026-04-20 05:27:41.702,0 days 02:50:00,2.8333333333333335,BOM → CCU,2026-04-20
SJ030,SpiceJet,DEL,HYD,2026-04-20 02:36:41.701,2026-04-20 03:19:41.701,0 days 00:43:00,0.7166666666666667,DEL → HYD,2026-04-20
6F179,IndiGo,HYD,MAA,2026-04-20 02:25:41.703,2026-04-20 06:40:41.703,0 days 04:15:00,4.25,HYD → MAA,2026-04-20
6F156,IndiGo,MAA,BOM,2026-04-20 02:23:41.703,2026-04-20 04:57:41.703,0 days 02:34:00,2.566666666666667,MAA → BOM,2026-04-20
6F250,IndiGo,CCU,BLR,2026-04-20 02:23:41.702,2026-04-20 02:56:41.702,0 days 00:33:00,0.55,CCU → BLR,2026-04-20
SJ057,SpiceJet,BOM,CCU,2026-04-20 02:17:41.701,2026-04-20 05:29:41.701,0 days 03:12:00,3.2,BOM → CCU,2026-04-20
6F036,IndiGo,CCU,BLR,2026-04-20 02:14:41.701,2026-04-20 06:57:41.701,0 days 04:43:00,4.716666666666667,CCU → BLR,2026-04-20
6F201,IndiGo,CCU,BOM,2026-04-20 02:09:41.703,2026-04-20 06:49:41.703,0 days 04:40:00,4.666666666666667,CCU → BOM,2026-04-20
6F143,IndiGo,CCU,DEL,2026-04-20 02:09:41.702,2026-04-20 06:08:41.702,0 days 03:59:00,3.9833333333333334,CCU → DEL,2026-04-20
6F177,IndiGo,HYD,MAA,2026-04-20 02:03:41.703,2026-04-20 04:25:41.703,0 days 02:22:00,2.3666666666666667,HYD → MAA,2026-04-20
6F031,IndiGo,BOM,BLR,2026-04-20 02:00:41.701,2026-04-20 06:37:41.701,0 days 04:37:00,4.616666666666666,BOM → BLR,2026-04-20
UK165,Vistara,DEL,BLR,2026-04-20 01:51:41.703,2026-04-20 06:04:41.703,0 days 04:13:00,4.216666666666667,DEL → BLR,2026-04-20
6F122,IndiGo,DEL,BLR,2026-04-20 01:44:41.702,2026-04-20 05:28:41.702,0 days 03:44:00,3.7333333333333334,DEL → BLR,2026-04-20
AI009,Air India,DEL,CCU,2026-04-20 01:31:41.701,2026-04-20 04:05:41.701,0 days 02:34:00,2.566666666666667,DEL → CCU,2026-04-20
6F046,IndiGo,DEL,BLR,2026-04-20 01:27:41.701,2026-04-20 05:08:41.701,0 days 03:41:00,3.683333333333333,DEL → BLR,2026-04-20
AI051,Air India,MAA,BLR,2026-04-20 01:27:41.701,2026-04-20 02:22:41.701,0 days 00:55:00,0.9166666666666666,MAA → BLR,2026-04-20
UK222,Vistara,BOM,CCU,2026-04-20 01:22:41.704,2026-04-20 02:57:41.704,0 days 01:35:00,1.5833333333333333,BOM → CCU,2026-04-20
SJ127,SpiceJet,BOM,DEL,2026-04-20 01:21:41.702,2026-04-20 03:58:41.702,0 days 02:37:00,2.6166666666666667,BOM → DEL,2026-04-20
AI226,Air India,BLR,HYD,2026-04-20 01:19:41.703,2026-04-20 04:08:41.703,0 days 02:49:00,2.816666666666667,BLR → HYD,2026-04-20
AI216,Air India,BOM,CCU,2026-04-20 01:10:41.703,2026-04-20 02:34:41.703,0 days 01:24:00,1.4,BOM → CCU,2026-04-20
6F058,IndiGo,BOM,CCU,2026-04-20 01:04:41.701,2026-04-20 03:33:41.701,0 days 02:29:00,2.4833333333333334,BOM → CCU,2026-04-20
SJ207,SpiceJet,DEL,CCU,2026-04-20 00:52:41.703,2026-04-20 04:05:41.703,0 days 03:13:00,3.216666666666667,DEL → CCU,2026-04-20
SJ198,SpiceJet,CCU,BOM,2026-04-20 00:47:41.703,2026-04-20 05:28:41.703,0 days 04:41:00,4.683333333333334,CCU → BOM,2026-04-20
SJ108,SpiceJet,BLR,HYD,2026-04-20 00:40:41.702,2026-04-20 03:16:41.702,0 days 02:36:00,2.6,BLR → HYD,2026-04-20
SJ155,SpiceJet,DEL,CCU,2026-04-20 00:38:41.702,2026-04-20 05:38:41.702,0 days 05:00:00,5.0,DEL → CCU,2026-04-20
6F193,IndiGo,BOM,MAA,2026-04-20 00:34:41.703,2026-04-20 02:32:41.703,0 days 01:58:00,1.9666666666666666,BOM → MAA,2026-04-20
6F019,IndiGo,BLR,BOM,2026-04-20 00:19:41.701,2026-04-20 04:14:41.701,0 days 03:55:00,3.9166666666666665,BLR → BOM,2026-04-20
AI102,Air India,CCU,BLR,2026-04-20 00:17:41.702,2026-04-20 05:08:41.702,0 days 04:51:00,4.85,CCU → BLR,2026-04-20
6F166,IndiGo,BOM,CCU,2026-04-20 00:03:41.703,2026-04-20 04:33:41.703,0 days 04:30:00,4.5,BOM → CCU,2026-04-20
UK175,Vistara,BLR,BOM,2026-04-19 23:56:41.703,2026-04-20 03:18:41.703,0 days 03:22:00,3.3666666666666667,BLR → BOM,2026-04-19
6F010,IndiGo,DEL,BLR,2026-04-19 23:53:41.701,2026-04-20 03:44:41.701,0 days 03:51:00,3.85,DEL → BLR,2026-04-19
AI234,Air India,BOM,MAA,2026-04-19 23:50:41.704,2026-04-20 01:34:41.704,0 days 01:44:00,1.7333333333333334,BOM → MAA,2026-04-19
UK135,Vistara,HYD,DEL,2026-04-19 23:50:41.702,2026-04-20 01:43:41.702,0 days 01:53:00,1.8833333333333333,HYD → DEL,2026-04-19
6F272,IndiGo,HYD,MAA,2026-04-19 23:35:41.702,2026-04-20 00:22:41.702,0 days 00:47:00,0.7833333333333333,HYD → MAA,2026-04-19
AI061,Air India,BOM,CCU,2026-04-19 23:31:41.701,2026-04-20 01:02:41.701,0 days 01:31:00,1.5166666666666666,BOM → CCU,2026-04-19
6F070,IndiGo,HYD,DEL,2026-04-19 23:23:41.701,2026-04-20 02:24:41.701,0 days 03:01:00,3.0166666666666666,HYD → DEL,2026-04-19
AI015,Air India,BLR,CCU,2026-04-19 23:21:41.701,2026-04-20 01:15:41.701,0 days 01:54:00,1.9,BLR → CCU,2026-04-19
SJ076,SpiceJet,DEL,MAA,2026-04-19 23:01:41.701,2026-04-20 02:02:41.701,0 days 03:01:00,3.0166666666666666,DEL → MAA,2026-04-19
SJ029,SpiceJet,HYD,DEL,2026-04-19 22:55:41.701,2026-04-20 00:22:41.701,0 days 01:27:00,1.45,HYD → DEL,2026-04-19
SJ194,SpiceJet,CCU,DEL,2026-04-19 22:46:41.703,2026-04-20 02:31:41.703,0 days 03:45:00,3.75,CCU → DEL,2026-04-19
AI235,Air India,BLR,HYD,2026-04-19 22:45:41.704,2026-04-20 02:12:41.704,0 days 03:27:00,3.45,BLR → HYD,2026-04-19
SJ048,SpiceJet,MAA,BLR,2026-04-19 22:43:41.701,2026-04-20 00:19:41.701,0 days 01:36:00,1.6,MAA → BLR,2026-04-19
SJ114,SpiceJet,HYD,DEL,2026-04-19 22:42:41.702,2026-04-20 02:02:41.702,0 days 03:20:00,3.3333333333333335,HYD → DEL,2026-04-19
SJ146,SpiceJet,HYD,BLR,2026-04-19 22:37:41.702,2026-04-20 00:33:41.702,0 days 01:56:00,1.9333333333333333,HYD → BLR,2026-04-19
UK041,Vistara,HYD,MAA,2026-04-19 22:37:41.701,2026-04-19 23:44:41.701,0 days 01:07:00,1.1166666666666667,HYD → MAA,2026-04-19
6F075,IndiGo,BOM,CCU,2026-04-19 22:20:41.702,2026-04-20 03:02:41.702,0 days 04:42:00,4.7,BOM → CCU,2026-04-19
SJ020,SpiceJet,BLR,BOM,2026-04-19 22:18:41.701,2026-04-20 02:27:41.701,0 days 04:09:00,4.15,BLR → BOM,2026-04-19
SJ099,SpiceJet,MAA,BLR,2026-04-19 22:14:41.702,2026-04-20 00:34:41.702,0 days 02:20:00,2.3333333333333335,MAA → BLR,2026-04-19
6F078,IndiGo,BOM,CCU,2026-04-19 22:04:41.702,2026-04-19 23:37:41.702,0 days 01:33:00,1.55,BOM → CCU,2026-04-19
UK219,Vistara,BOM,HYD,2026-04-19 22:03:41.704,2026-04-20 02:21:41.704,0 days 04:18:00,4.3,BOM → HYD,2026-04-19
UK223,Vistara,CCU,DEL,2026-04-19 21:58:41.704,2026-04-19 22:30:41.704,0 days 00:32:00,0.5333333333333333,CCU → DEL,2026-04-19
UK227,Vistara,BOM,HYD,2026-04-19 21:57:41.704,2026-04-20 01:47:41.704,0 days 03:50:00,3.8333333333333335,BOM → HYD,2026-04-19
6F260,IndiGo,CCU,DEL,2026-04-19 21:51:41.702,2026-04-20 01:14:41.702,0 days 03:23:00,3.3833333333333333,CCU → DEL,2026-04-19
AI096,Air India,CCU,DEL,2026-04-19 21:48:41.702,2026-04-20 02:46:41.702,0 days 04:58:00,4.966666666666667,CCU → DEL,2026-04-19
6F022,IndiGo,MAA,BLR,2026-04-19 21:46:41.701,2026-04-20 02:05:41.701,0 days 04:19:00,4.316666666666666,MAA → BLR,2026-04-19
6F237,IndiGo,HYD,MAA,2026-04-19 21:41:41.704,2026-04-20 00:44:41.704,0 days 03:03:00,3.05,HYD → MAA,2026-04-19
UK146,Vistara,BOM,MAA,2026-04-19 21:40:41.703,2026-04-20 00:08:41.703,0 days 02:28:00,2.466666666666667,BOM → MAA,2026-04-19
SJ015,SpiceJet,BOM,CCU,2026-04-19 21:40:41.701,2026-04-19 22:52:41.701,0 days 01:12:00,1.2,BOM → CCU,2026-04-19
AI108,Air India,BLR,CCU,2026-04-19 21:32:41.702,2026-04-20 00:17:41.702,0 days 02:45:00,2.75,BLR → CCU,2026-04-19
UK020,Vistara,MAA,BLR,2026-04-19 21:23:41.701,2026-04-19 22:38:41.701,0 days 01:15:00,1.25,MAA → BLR,2026-04-19
6F113,IndiGo,BOM,CCU,2026-04-19 21:04:41.702,2026-04-20 01:30:41.702,0 days 04:26:00,4.433333333333334,BOM → CCU,2026-04-19
6F112,IndiGo,HYD,DEL,2026-04-19 21:00:41.702,2026-04-19 23:16:41.702,0 days 02:16:00,2.2666666666666666,HYD → DEL,2026-04-19
6F246,IndiGo,HYD,DEL,2026-04-19 21:00:41.702,2026-04-19 23:16:41.702,0 days 02:16:00,2.2666666666666666,HYD → DEL,2026-04-19
UK158,Vistara,BOM,MAA,2026-04-19 20:49:41.703,2026-04-19 21:22:41.703,0 days 00:33:00,0.55,BOM → MAA,2026-04-19
UK159,Vistara,CCU,BLR,2026-04-19 20:45:41.703,2026-04-19 23:32:41.703,0 days 02:47:00,2.783333333333333,CCU → BLR,2026-04-19
UK084,Vistara,MAA,DEL,2026-04-19 20:44:41.702,2026-04-20 00:20:41.702,0 days 03:36:00,3.6,MAA → DEL,2026-04-19
SJ206,SpiceJet,DEL,CCU,2026-04-19 20:43:41.703,2026-04-20 01:21:41.703,0 days 04:38:00,4.633333333333334,DEL → CCU,2026-04-19
UK044,Vistara,BLR,BOM,2026-04-19 20:31:41.701,2026-04-19 23:29:41.701,0 days 02:58:00,2.966666666666667,BLR → BOM,2026-04-19
SJ036,SpiceJet,DEL,HYD,2026-04-19 20:24:41.701,2026-04-19 23:54:41.701,0 days 03:30:00,3.5,DEL → HYD,2026-04-19
6F176,IndiGo,CCU,DEL,2026-04-19 20:23:42.000,2026-04-19 23:23:42.000,0 days 03:00:00,3.0,CCU → DEL,2026-04-19
6F148,IndiGo,CCU,BOM,2026-04-19 20:23:41.703,2026-04-19 22:30:41.703,0 days 02:07:00,2.1166666666666667,CCU → BOM,2026-04-19
6F202,IndiGo,HYD,BLR,2026-04-19 20:18:41.703,2026-04-19 23:48:41.703,0 days 03:30:00,3.5,HYD → BLR,2026-04-19
6F071,IndiGo,DEL,CCU,2026-04-19 20:18:41.702,2026-04-20 00:31:41.702,0 days 04:13:00,4.216666666666667,DEL → CCU,2026-04-19
AI105,Air India,CCU,DEL,2026-04-19 20:16:41.702,2026-04-19 22:03:41.702,0 days 01:47:00,1.7833333333333334,CCU → DEL,2026-04-19
AI241,Air India,HYD,BLR,2026-04-19 20:11:41.704,2026-04-19 22:18:41.704,0 days 02:07:00,2.1166666666666667,HYD → BLR,2026-04-19
SJ162,SpiceJet,DEL,HYD,2026-04-19 20:11:41.703,2026-04-19 22:30:41.703,0 days 02:19:00,2.316666666666667,DEL → HYD,2026-04-19
6F003,IndiGo,HYD,BOM,2026-04-19 20:06:41.700,2026-04-19 23:13:41.700,0 days 03:07:00,3.1166666666666667,HYD → BOM,2026-04-19
6F249,IndiGo,HYD,BOM,2026-04-19 20:06:41.700,2026-04-19 23:13:41.700,0 days 03:07:00,3.1166666666666667,HYD → BOM,2026-04-19
AI237,Air India,BOM,CCU,2026-04-19 19:58:41.704,2026-04-19 23:13:41.704,0 days 03:15:00,3.25,BOM → CCU,2026-04-19
SJ134,SpiceJet,BOM,CCU,2026-04-19 19:58:41.702,2026-04-20 00:15:41.702,0 days 04:17:00,4.283333333333333,BOM → CCU,2026-04-19
AI071,Air India,BOM,MAA,2026-04-19 19:55:41.702,2026-04-19 22:58:41.702,0 days 03:03:00,3.05,BOM → MAA,2026-04-19
6F118,IndiGo,CCU,HYD,2026-04-19 19:52:41.702,2026-04-19 21:01:41.702,0 days 01:09:00,1.15,CCU → HYD,2026-04-19
6F014,IndiGo,DEL,MAA,2026-04-19 19:42:41.701,2026-04-19 23:15:41.701,0 days 03:33:00,3.55,DEL → MAA,2026-04-19
6F065,IndiGo,MAA,BLR,2026-04-19 19:40:41.701,2026-04-19 22:23:41.701,0 days 02:43:00,2.716666666666667,MAA → BLR,2026-04-19
6F271,IndiGo,HYD,MAA,2026-04-19 19:33:41.702,2026-04-19 22:52:41.702,0 days 03:19:00,3.316666666666667,HYD → MAA,2026-04-19
SJ070,SpiceJet,MAA,CCU,2026-04-19 18:55:41.701,2026-04-19 20:48:41.701,0 days 01:53:00,1.8833333333333333,MAA → CCU,2026-04-19
6F007,IndiGo,HYD,MAA,2026-04-19 18:55:41.701,2026-04-19 19:54:41.701,0 days 00:59:00,0.9833333333333333,HYD → MAA,2026-04-19
UK007,Vistara,DEL,HYD,2026-04-19 18:50:41.701,2026-04-19 21:04:41.701,0 days 02:14:00,2.2333333333333334,DEL → HYD,2026-04-19
AI097,Air India,HYD,MAA,2026-04-19 18:42:41.702,2026-04-19 23:34:41.702,0 days 04:52:00,4.866666666666666,HYD → MAA,2026-04-19
6F256,IndiGo,BOM,CCU,2026-04-19 18:40:41.702,2026-04-19 19:13:41.702,0 days 00:33:00,0.55,BOM → CCU,2026-04-19
UK047,Vistara,BLR,HYD,2026-04-19 18:40:41.701,2026-04-19 22:45:41.701,0 days 04:05:00,4.083333333333333,BLR → HYD,2026-04-19
AI024,Air India,MAA,BOM,2026-04-19 18:38:41.701,2026-04-19 19:45:41.701,0 days 01:07:00,1.1166666666666667,MAA → BOM,2026-04-19
UK113,Vistara,CCU,DEL,2026-04-19 18:34:41.702,2026-04-19 22:58:41.702,0 days 04:24:00,4.4,CCU → DEL,2026-04-19
SJ163,SpiceJet,DEL,HYD,2026-04-19 18:32:41.703,2026-04-19 23:08:41.703,0 days 04:36:00,4.6,DEL → HYD,2026-04-19
SJ208,SpiceJet,DEL,HYD,2026-04-19 18:32:41.703,2026-04-19 19:33:41.703,0 days 01:01:00,1.0166666666666666,DEL → HYD,2026-04-19
SJ221,SpiceJet,MAA,HYD,2026-04-19 18:31:41.703,2026-04-19 23:17:41.703,0 days 04:46:00,4.766666666666667,MAA → HYD,2026-04-19
SJ084,SpiceJet,HYD,MAA,2026-04-19 18:31:41.702,2026-04-19 19:30:41.702,0 days 00:59:00,0.9833333333333333,HYD → MAA,2026-04-19
6F127,IndiGo,HYD,BOM,2026-04-19 18:27:41.702,2026-04-19 22:28:41.702,0 days 04:01:00,4.016666666666667,HYD → BOM,2026-04-19
AI122,Air India,BOM,CCU,2026-04-19 18:25:41.702,2026-04-19 22:36:41.702,0 days 04:11:00,4.183333333333334,BOM → CCU,2026-04-19
AI139,Air India,HYD,MAA,2026-04-19 18:23:41.702,2026-04-19 19:24:41.702,0 days 01:01:00,1.0166666666666666,HYD → MAA,2026-04-19
UK149,Vistara,MAA,DEL,2026-04-19 18:22:41.703,2026-04-19 23:08:41.703,0 days 04:46:00,4.766666666666667,MAA → DEL,2026-04-19
AI149,Air India,BOM,HYD,2026-04-19 18:19:41.703,2026-04-19 21:36:41.703,0 days 03:17:00,3.283333333333333,BOM → HYD,2026-04-19
SJ243,SpiceJet,BLR,DEL,2026-04-19 18:17:41.704,2026-04-19 23:03:41.704,0 days 04:46:00,4.766666666666667,BLR → DEL,2026-04-19
AI053,Air India,CCU,DEL,2026-04-19 18:04:41.701,2026-04-19 22:19:41.701,0 days 04:15:00,4.25,CCU → DEL,2026-04-19
UK061,Vistara,BLR,BOM,2026-04-19 17:58:41.701,2026-04-19 19:48:41.701,0 days 01:50:00,1.8333333333333333,BLR → BOM,2026-04-19
SJ004,SpiceJet,MAA,DEL,2026-04-19 17:52:41.701,2026-04-19 21:01:41.701,0 days 03:09:00,3.15,MAA → DEL,2026-04-19
AI173,Air India,HYD,DEL,2026-04-19 17:36:41.703,2026-04-19 22:27:41.703,0 days 04:51:00,4.85,HYD → DEL,2026-04-19
6F085,IndiGo,HYD,MAA,2026-04-19 17:32:41.702,2026-04-19 19:32:42.000,0 days 02:00:00.298000,2.0000827777777777,HYD → MAA,2026-04-19
AI252,Air India,HYD,DEL,2026-04-19 17:30:41.704,2026-04-19 21:54:41.704,0 days 04:24:00,4.4,HYD → DEL,2026-04-19
SJ109,SpiceJet,BOM,DEL,2026-04-19 17:24:41.702,2026-04-19 20:28:41.702,0 days 03:04:00,3.066666666666667,BOM → DEL,2026-04-19
UK123,Vistara,BOM,DEL,2026-04-19 17:24:41.702,2026-04-19 20:18:41.702,0 days 02:54:00,2.9,BOM → DEL,2026-04-19
6F125,IndiGo,BOM,CCU,2026-04-19 17:09:41.702,2026-04-19 21:13:41.702,0 days 04:04:00,4.066666666666666,BOM → CCU,2026-04-19
UK183,Vistara,BLR,CCU,2026-04-19 17:07:41.703,2026-04-19 18:30:41.703,0 days 01:23:00,1.3833333333333333,BLR → CCU,2026-04-19
AI110,Air India,BOM,CCU,2026-04-19 17:07:41.702,2026-04-19 22:00:41.702,0 days 04:53:00,4.883333333333334,BOM → CCU,2026-04-19
UK105,Vistara,CCU,HYD,2026-04-19 17:04:41.702,2026-04-19 18:11:41.702,0 days 01:07:00,1.1166666666666667,CCU → HYD,2026-04-19
6F128,IndiGo,HYD,DEL,2026-04-19 16:56:41.702,2026-04-19 18:03:41.702,0 days 01:07:00,1.1166666666666667,HYD → DEL,2026-04-19
6F224,IndiGo,DEL,MAA,2026-04-19 16:53:41.704,2026-04-19 18:52:41.704,0 days 01:59:00,1.9833333333333334,DEL → MAA,2026-04-19
SJ130,SpiceJet,BOM,DEL,2026-04-19 16:53:41.702,2026-04-19 20:53:41.702,0 days 04:00:00,4.0,BOM → DEL,2026-04-19
AI224,Air India,DEL,HYD,2026-04-19 16:51:41.703,2026-04-19 21:36:41.703,0 days 04:45:00,4.75,DEL → HYD,2026-04-19
SJ182,SpiceJet,CCU,BOM,2026-04-19 16:48:41.703,2026-04-19 17:36:41.703,0 days 00:48:00,0.8,CCU → BOM,2026-04-19
UK164,Vistara,BOM,HYD,2026-04-19 16:46:41.703,2026-04-19 21:10:41.703,0 days 04:24:00,4.4,BOM → HYD,2026-04-19
AI161,Air India,CCU,BOM,2026-04-19 16:40:41.703,2026-04-19 19:40:41.703,0 days 03:00:00,3.0,CCU → BOM,2026-04-19
6F206,IndiGo,DEL,BOM,2026-04-19 16:39:41.703,2026-04-19 20:59:41.703,0 days 04:20:00,4.333333333333333,DEL → BOM,2026-04-19
SJ204,SpiceJet,CCU,DEL,2026-04-19 16:34:41.703,2026-04-19 18:15:41.703,0 days 01:41:00,1.6833333333333333,CCU → DEL,2026-04-19
AI206,Air India,CCU,MAA,2026-04-19 16:30:41.703,2026-04-19 20:01:41.703,0 days 03:31:00,3.5166666666666666,CCU → MAA,2026-04-19
6F140,IndiGo,CCU,HYD,2026-04-19 16:30:41.702,2026-04-19 18:21:41.702,0 days 01:51:00,1.85,CCU → HYD,2026-04-19
6F253,IndiGo,MAA,BLR,2026-04-19 16:26:41.703,2026-04-19 18:24:41.703,0 days 01:58:00,1.9666666666666666,MAA → BLR,2026-04-19
SJ203,SpiceJet,DEL,HYD,2026-04-19 16:22:41.703,2026-04-19 18:27:41.703,0 days 02:05:00,2.0833333333333335,DEL → HYD,2026-04-19
SJ161,SpiceJet,MAA,BLR,2026-04-19 16:22:41.703,2026-04-19 17:04:41.703,0 days 00:42:00,0.7,MAA → BLR,2026-04-19
AI098,Air India,HYD,MAA,2026-04-19 16:01:41.702,2026-04-19 18:11:41.702,0 days 02:10:00,2.1666666666666665,HYD → MAA,2026-04-19
AI168,Air India,DEL,CCU,2026-04-19 15:50:41.703,2026-04-19 20:20:41.703,0 days 04:30:00,4.5,DEL → CCU,2026-04-19
UK190,Vistara,DEL,BLR,2026-04-19 15:49:41.703,2026-04-19 18:53:41.703,0 days 03:04:00,3.066666666666667,DEL → BLR,2026-04-19
AI085,Air India,DEL,HYD,2026-04-19 15:45:41.702,2026-04-19 20:33:41.702,0 days 04:48:00,4.8,DEL → HYD,2026-04-19
AI076,Air India,BLR,BOM,2026-04-19 15:37:41.702,2026-04-19 16:12:41.702,0 days 00:35:00,0.5833333333333334,BLR → BOM,2026-04-19
UK130,Vistara,MAA,BLR,2026-04-19 15:36:41.702,2026-04-19 19:43:41.702,0 days 04:07:00,4.116666666666666,MAA → BLR,2026-04-19
6F038,IndiGo,HYD,MAA,2026-04-19 15:36:41.701,2026-04-19 19:33:41.701,0 days 03:57:00,3.95,HYD → MAA,2026-04-19
UK110,Vistara,HYD,DEL,2026-04-19 15:26:41.702,2026-04-19 20:13:41.702,0 days 04:47:00,4.783333333333333,HYD → DEL,2026-04-19
SJ013,SpiceJet,DEL,MAA,2026-04-19 15:25:41.701,2026-04-19 19:54:41.701,0 days 04:29:00,4.483333333333333,DEL → MAA,2026-04-19
AI039,Air India,MAA,BLR,2026-04-19 15:24:41.701,2026-04-19 18:56:41.701,0 days 03:32:00,3.533333333333333,MAA → BLR,2026-04-19
AI248,Air India,CCU,DEL,2026-04-19 15:17:41.704,2026-04-19 16:35:41.704,0 days 01:18:00,1.3,CCU → DEL,2026-04-19
6F199,IndiGo,DEL,MAA,2026-04-19 15:15:41.703,2026-04-19 17:32:41.703,0 days 02:17:00,2.283333333333333,DEL → MAA,2026-04-19
AI225,Air India,BOM,BLR,2026-04-19 15:05:41.703,2026-04-19 16:01:41.703,0 days 00:56:00,0.9333333333333333,BOM → BLR,2026-04-19
SJ028,SpiceJet,CCU,BOM,2026-04-19 15:04:41.701,2026-04-19 19:32:41.701,0 days 04:28:00,4.466666666666667,CCU → BOM,2026-04-19
SJ012,SpiceJet,HYD,BLR,2026-04-19 15:01:41.701,2026-04-19 16:12:41.701,0 days 01:11:00,1.1833333333333333,HYD → BLR,2026-04-19
SJ131,SpiceJet,MAA,HYD,2026-04-19 15:00:41.702,2026-04-19 16:07:41.702,0 days 01:07:00,1.1166666666666667,MAA → HYD,2026-04-19
AI010,Air India,BOM,HYD,2026-04-19 15:00:41.701,2026-04-19 19:48:41.701,0 days 04:48:00,4.8,BOM → HYD,2026-04-19
6F020,IndiGo,BOM,HYD,2026-04-19 14:58:41.701,2026-04-19 16:43:41.701,0 days 01:45:00,1.75,BOM → HYD,2026-04-19
SJ038,SpiceJet,BLR,DEL,2026-04-19 14:57:41.701,2026-04-19 17:46:41.701,0 days 02:49:00,2.816666666666667,BLR → DEL,2026-04-19
UK204,Vistara,BLR,DEL,2026-04-19 14:46:41.703,2026-04-19 16:24:41.703,0 days 01:38:00,1.6333333333333333,BLR → DEL,2026-04-19
AI036,Air India,BOM,CCU,2026-04-19 14:45:41.701,2026-04-19 16:16:41.701,0 days 01:31:00,1.5166666666666666,BOM → CCU,2026-04-19
AI100,Air India,CCU,BOM,2026-04-19 14:42:41.702,2026-04-19 18:22:41.702,0 days 03:40:00,3.6666666666666665,CCU → BOM,2026-04-19
SJ215,SpiceJet,CCU,DEL,2026-04-19 14:37:41.703,2026-04-19 16:12:41.703,0 days 01:35:00,1.5833333333333333,CCU → DEL,2026-04-19
UK155,Vistara,MAA,HYD,2026-04-19 14:34:41.703,2026-04-19 18:37:41.703,0 days 04:03:00,4.05,MAA → HYD,2026-04-19
SJ173,SpiceJet,CCU,HYD,2026-04-19 14:27:41.703,2026-04-19 16:09:41.703,0 days 01:42:00,1.7,CCU → HYD,2026-04-19
UK179,Vistara,DEL,HYD,2026-04-19 14:25:41.703,2026-04-19 19:15:41.703,0 days 04:50:00,4.833333333333333,DEL → HYD,2026-04-19
UK221,Vistara,CCU,DEL,2026-04-19 14:18:41.704,2026-04-19 18:44:41.704,0 days 04:26:00,4.433333333333334,CCU → DEL,2026-04-19
UK023,Vistara,DEL,MAA,2026-04-19 14:15:41.701,2026-04-19 19:03:41.701,0 days 04:48:00,4.8,DEL → MAA,2026-04-19
SJ107,SpiceJet,BOM,MAA,2026-04-19 14:10:41.702,2026-04-19 18:38:41.702,0 days 04:28:00,4.466666666666667,BOM → MAA,2026-04-19
AI073,Air India,BOM,BLR,2026-04-19 14:08:41.702,2026-04-19 16:10:41.702,0 days 02:02:00,2.033333333333333,BOM → BLR,2026-04-19
SJ187,SpiceJet,MAA,BLR,2026-04-19 14:07:41.703,2026-04-19 17:30:41.703,0 days 03:23:00,3.3833333333333333,MAA → BLR,2026-04-19
UK058,Vistara,MAA,BOM,2026-04-19 13:46:41.701,2026-04-19 17:04:41.701,0 days 03:18:00,3.3,MAA → BOM,2026-04-19
SJ063,SpiceJet,MAA,BOM,2026-04-19 13:38:41.701,2026-04-19 15:23:41.701,0 days 01:45:00,1.75,MAA → BOM,2026-04-19
SJ062,SpiceJet,BLR,HYD,2026-04-19 13:37:41.701,2026-04-19 17:06:41.701,0 days 03:29:00,3.4833333333333334,BLR → HYD,2026-04-19
UK048,Vistara,MAA,DEL,2026-04-19 13:36:41.701,2026-04-19 18:21:41.701,0 days 04:45:00,4.75,MAA → DEL,2026-04-19
AI181,Air India,MAA,HYD,2026-04-19 13:29:41.703,2026-04-19 16:55:41.703,0 days 03:26:00,3.433333333333333,MAA → HYD,2026-04-19
AI003,Air India,BLR,HYD,2026-04-19 13:27:41.701,2026-04-19 16:55:41.701,0 days 03:28:00,3.466666666666667,BLR → HYD,2026-04-19
6F041,IndiGo,MAA,BOM,2026-04-19 13:19:41.701,2026-04-19 16:48:41.701,0 days 03:29:00,3.4833333333333334,MAA → BOM,2026-04-19
6F175,IndiGo,MAA,CCU,2026-04-19 13:18:41.703,2026-04-19 15:13:41.703,0 days 01:55:00,1.9166666666666667,MAA → CCU,2026-04-19
6F013,IndiGo,BOM,CCU,2026-04-19 13:15:41.701,2026-04-19 18:05:41.701,0 days 04:50:00,4.833333333333333,BOM → CCU,2026-04-19
SJ040,SpiceJet,BOM,CCU,2026-04-19 13:12:41.701,2026-04-19 16:44:41.701,0 days 03:32:00,3.533333333333333,BOM → CCU,2026-04-19
SJ016,SpiceJet,HYD,CCU,2026-04-19 13:01:41.701,2026-04-19 16:26:41.701,0 days 03:25:00,3.4166666666666665,HYD → CCU,2026-04-19
6F135,IndiGo,MAA,HYD,2026-04-19 12:59:41.702,2026-04-19 13:45:41.702,0 days 00:46:00,0.7666666666666667,MAA → HYD,2026-04-19
6F150,IndiGo,HYD,MAA,2026-04-19 12:55:41.703,2026-04-19 16:53:41.703,0 days 03:58:00,3.966666666666667,HYD → MAA,2026-04-19
AI083,Air India,DEL,BOM,2026-04-19 12:54:41.702,2026-04-19 13:37:41.702,0 days 00:43:00,0.7166666666666667,DEL → BOM,2026-04-19
SJ166,SpiceJet,CCU,HYD,2026-04-19 12:51:41.703,2026-04-19 16:18:41.703,0 days 03:27:00,3.45,CCU → HYD,2026-04-19
SJ027,SpiceJet,BOM,MAA,2026-04-19 12:50:41.701,2026-04-19 17:13:41.701,0 days 04:23:00,4.383333333333334,BOM → MAA,2026-04-19
6F134,IndiGo,BLR,MAA,2026-04-19 12:47:41.702,2026-04-19 14:06:41.702,0 days 01:19:00,1.3166666666666667,BLR → MAA,2026-04-19
UK225,Vistara,MAA,BLR,2026-04-19 12:46:41.704,2026-04-19 15:02:41.704,0 days 02:16:00,2.2666666666666666,MAA → BLR,2026-04-19
SJ175,SpiceJet,MAA,BLR,2026-04-19 12:46:41.703,2026-04-19 16:50:41.703,0 days 04:04:00,4.066666666666666,MAA → BLR,2026-04-19
AI182,Air India,HYD,DEL,2026-04-19 12:41:41.703,2026-04-19 17:14:41.703,0 days 04:33:00,4.55,HYD → DEL,2026-04-19
AI190,Air India,BOM,CCU,2026-04-19 12:38:41.703,2026-04-19 15:56:41.703,0 days 03:18:00,3.3,BOM → CCU,2026-04-19
AI120,Air India,MAA,CCU,2026-04-19 12:12:41.702,2026-04-19 14:18:41.702,0 days 02:06:00,2.1,MAA → CCU,2026-04-19
6F132,IndiGo,MAA,BOM,2026-04-19 12:00:41.702,2026-04-19 13:00:42.000,0 days 01:00:00.298000,1.0000827777777777,MAA → BOM,2026-04-19
UK102,Vistara,HYD,CCU,2026-04-19 11:58:41.702,2026-04-19 14:01:41.702,0 days 02:03:00,2.05,HYD → CCU,2026-04-19
AI045,Air India,HYD,MAA,2026-04-19 11:58:41.701,2026-04-19 14:37:41.701,0 days 02:39:00,2.65,HYD → MAA,2026-04-19
UK136,Vistara,HYD,CCU,2026-04-19 11:43:41.703,2026-04-19 15:26:41.703,0 days 03:43:00,3.716666666666667,HYD → CCU,2026-04-19
SJ238,SpiceJet,MAA,BLR,2026-04-19 11:41:41.704,2026-04-19 15:39:41.704,0 days 03:58:00,3.966666666666667,MAA → BLR,2026-04-19
AI193,Air India,MAA,HYD,2026-04-19 11:33:41.703,2026-04-19 16:07:41.703,0 days 04:34:00,4.566666666666666,MAA → HYD,2026-04-19
6F001,IndiGo,HYD,BOM,2026-04-19 11:33:41.700,2026-04-19 13:08:41.700,0 days 01:35:00,1.5833333333333333,HYD → BOM,2026-04-19
6F211,IndiGo,MAA,BLR,2026-04-19 11:29:41.703,2026-04-19 16:20:41.703,0 days 04:51:00,4.85,MAA → BLR,2026-04-19
SJ199,SpiceJet,HYD,BOM,2026-04-19 11:29:41.703,2026-04-19 13:59:41.703,0 days 02:30:00,2.5,HYD → BOM,2026-04-19
SJ050,SpiceJet,HYD,CCU,2026-04-19 11:24:41.701,2026-04-19 12:03:41.701,0 days 00:39:00,0.65,HYD → CCU,2026-04-19
UK115,Vistara,BLR,BOM,2026-04-19 11:20:41.702,2026-04-19 13:20:42.000,0 days 02:00:00.298000,2.0000827777777777,BLR → BOM,2026-04-19
AI037,Air India,BOM,BLR,2026-04-19 11:14:41.701,2026-04-19 15:13:41.701,0 days 03:59:00,3.9833333333333334,BOM → BLR,2026-04-19
6F235,IndiGo,HYD,MAA,2026-04-19 11:06:41.704,2026-04-19 13:51:41.704,0 days 02:45:00,2.75,HYD → MAA,2026-04-19
UK111,Vistara,MAA,BLR,2026-04-19 11:06:41.702,2026-04-19 12:20:41.702,0 days 01:14:00,1.2333333333333334,MAA → BLR,2026-04-19
6F005,IndiGo,BOM,MAA,2026-04-19 11:04:41.701,2026-04-19 15:27:41.701,0 days 04:23:00,4.383333333333334,BOM → MAA,2026-04-19
AI198,Air India,CCU,MAA,2026-04-19 10:56:41.703,2026-04-19 14:19:41.703,0 days 03:23:00,3.3833333333333333,CCU → MAA,2026-04-19
UK184,Vistara,MAA,HYD,2026-04-19 10:49:41.703,2026-04-19 13:00:41.703,0 days 02:11:00,2.183333333333333,MAA → HYD,2026-04-19
6F219,IndiGo,MAA,DEL,2026-04-19 10:32:41.704,2026-04-19 14:37:41.704,0 days 04:05:00,4.083333333333333,MAA → DEL,2026-04-19
UK066,Vistara,BOM,CCU,2026-04-19 10:29:41.701,2026-04-19 12:07:41.701,0 days 01:38:00,1.6333333333333333,BOM → CCU,2026-04-19
6F220,IndiGo,HYD,BOM,2026-04-19 10:27:41.704,2026-04-19 11:25:41.704,0 days 00:58:00,0.9666666666666667,HYD → BOM,2026-04-19
AI180,Air India,BOM,CCU,2026-04-19 10:19:41.703,2026-04-19 11:00:41.703,0 days 00:41:00,0.6833333333333333,BOM → CCU,2026-04-19
6F098,IndiGo,BLR,MAA,2026-04-19 10:18:41.702,2026-04-19 12:49:41.702,0 days 02:31:00,2.5166666666666666,BLR → MAA,2026-04-19
AI141,Air India,BLR,DEL,2026-04-19 10:16:41.702,2026-04-19 14:53:41.702,0 days 04:37:00,4.616666666666666,BLR → DEL,2026-04-19
SJ170,SpiceJet,BLR,BOM,2026-04-19 10:11:41.703,2026-04-19 11:56:41.703,0 days 01:45:00,1.75,BLR → BOM,2026-04-19
SJ178,SpiceJet,BOM,HYD,2026-04-19 09:58:41.703,2026-04-19 12:27:41.703,0 days 02:29:00,2.4833333333333334,BOM → HYD,2026-04-19
6F172,IndiGo,BOM,BLR,2026-04-19 09:53:41.703,2026-04-19 14:46:41.703,0 days 04:53:00,4.883333333333334,BOM → BLR,2026-04-19
UK220,Vistara,BLR,BOM,2026-04-19 09:51:41.704,2026-04-19 13:25:41.704,0 days 03:34:00,3.566666666666667,BLR → BOM,2026-04-19
SJ148,SpiceJet,DEL,BLR,2026-04-19 09:51:41.702,2026-04-19 13:41:41.702,0 days 03:50:00,3.8333333333333335,DEL → BLR,2026-04-19
UK065,Vistara,BOM,CCU,2026-04-19 09:38:41.701,2026-04-19 13:46:41.701,0 days 04:08:00,4.133333333333334,BOM → CCU,2026-04-19
6F243,IndiGo,BOM,HYD,2026-04-19 09:37:41.704,2026-04-19 10:33:41.704,0 days 00:56:00,0.9333333333333333,BOM → HYD,2026-04-19
SJ193,SpiceJet,CCU,DEL,2026-04-19 09:37:41.703,2026-04-19 12:16:41.703,0 days 02:39:00,2.65,CCU → DEL,2026-04-19
UK056,Vistara,HYD,MAA,2026-04-19 09:29:41.701,2026-04-19 10:15:41.701,0 days 00:46:00,0.7666666666666667,HYD → MAA,2026-04-19
AI219,Air India,BLR,DEL,2026-04-19 09:28:41.703,2026-04-19 11:27:41.703,0 days 01:59:00,1.9833333333333334,BLR → DEL,2026-04-19
SJ073,SpiceJet,CCU,BLR,2026-04-19 09:26:41.701,2026-04-19 11:14:41.701,0 days 01:48:00,1.8,CCU → BLR,2026-04-19
6F052,IndiGo,BOM,CCU,2026-04-19 09:13:41.701,2026-04-19 12:02:41.701,0 days 02:49:00,2.816666666666667,BOM → CCU,2026-04-19
SJ201,SpiceJet,BLR,DEL,2026-04-19 09:10:41.703,2026-04-19 11:12:41.703,0 days 02:02:00,2.033333333333333,BLR → DEL,2026-04-19
UK028,Vistara,HYD,MAA,2026-04-19 09:02:41.701,2026-04-19 10:37:41.701,0 days 01:35:00,1.5833333333333333,HYD → MAA,2026-04-19
SJ119,SpiceJet,BOM,CCU,2026-04-19 08:53:41.702,2026-04-19 11:29:41.702,0 days 02:36:00,2.6,BOM → CCU,2026-04-19
AI165,Air India,DEL,CCU,2026-04-19 08:51:41.703,2026-04-19 10:31:41.703,0 days 01:40:00,1.6666666666666667,DEL → CCU,2026-04-19
AI255,Air India,MAA,CCU,2026-04-19 08:45:41.704,2026-04-19 13:12:41.704,0 days 04:27:00,4.45,MAA → CCU,2026-04-19
AI202,Air India,HYD,BLR,2026-04-19 08:44:41.703,2026-04-19 10:53:41.703,0 days 02:09:00,2.15,HYD → BLR,2026-04-19
SJ039,SpiceJet,MAA,BOM,2026-04-19 08:41:41.701,2026-04-19 12:08:41.701,0 days 03:27:00,3.45,MAA → BOM,2026-04-19
SJ051,SpiceJet,BOM,BLR,2026-04-19 08:40:41.701,2026-04-19 12:18:41.701,0 days 03:38:00,3.6333333333333333,BOM → BLR,2026-04-19
UK024,Vistara,MAA,BLR,2026-04-19 08:29:41.701,2026-04-19 13:29:41.701,0 days 05:00:00,5.0,MAA → BLR,2026-04-19
SJ006,SpiceJet,HYD,BLR,2026-04-19 08:25:41.701,2026-04-19 08:57:41.701,0 days 00:32:00,0.5333333333333333,HYD → BLR,2026-04-19
AI207,Air India,BOM,MAA,2026-04-19 08:24:41.703,2026-04-19 11:23:41.703,0 days 02:59:00,2.9833333333333334,BOM → MAA,2026-04-19
SJ168,SpiceJet,CCU,BOM,2026-04-19 08:17:41.703,2026-04-19 12:29:41.703,0 days 04:12:00,4.2,CCU → BOM,2026-04-19
AI028,Air India,HYD,BOM,2026-04-19 07:53:41.701,2026-04-19 08:35:41.701,0 days 00:42:00,0.7,HYD → BOM,2026-04-19
6F094,IndiGo,BLR,BOM,2026-04-19 07:37:41.702,2026-04-19 09:06:41.702,0 days 01:29:00,1.4833333333333334,BLR → BOM,2026-04-19
6F024,IndiGo,BOM,DEL,2026-04-19 07:31:41.701,2026-04-19 11:17:41.701,0 days 03:46:00,3.7666666666666666,BOM → DEL,2026-04-19
6F061,IndiGo,MAA,BOM,2026-04-19 07:28:41.701,2026-04-19 08:09:41.701,0 days 00:41:00,0.6833333333333333,MAA → BOM,2026-04-19
AI032,Air India,MAA,BLR,2026-04-19 07:26:41.701,2026-04-19 09:26:42.000,0 days 02:00:00.299000,2.0000830555555558,MAA → BLR,2026-04-19
UK163,Vistara,DEL,HYD,2026-04-19 07:22:41.703,2026-04-19 09:04:41.703,0 days 01:42:00,1.7,DEL → HYD,2026-04-19
SJ067,SpiceJet,MAA,BLR,2026-04-19 07:17:41.701,2026-04-19 08:16:41.701,0 days 00:59:00,0.9833333333333333,MAA → BLR,2026-04-19
SJ106,SpiceJet,CCU,DEL,2026-04-19 07:16:41.702,2026-04-19 09:40:41.702,0 days 02:24:00,2.4,CCU → DEL,2026-04-19
AI086,Air India,CCU,HYD,2026-04-19 07:13:41.702,2026-04-19 10:09:41.702,0 days 02:56:00,2.933333333333333,CCU → HYD,2026-04-19
6F263,IndiGo,DEL,HYD,2026-04-19 07:07:41.703,2026-04-19 08:30:41.703,0 days 01:23:00,1.3833333333333333,DEL → HYD,2026-04-19
6F163,IndiGo,MAA,BOM,2026-04-19 06:49:41.703,2026-04-19 10:46:41.703,0 days 03:57:00,3.95,MAA → BOM,2026-04-19
SJ064,SpiceJet,CCU,DEL,2026-04-19 06:29:41.701,2026-04-19 08:43:41.701,0 days 02:14:00,2.2333333333333334,CCU → DEL,2026-04-19
UK118,Vistara,HYD,BLR,2026-04-19 06:22:41.702,2026-04-19 07:22:42.000,0 days 01:00:00.298000,1.0000827777777777,HYD → BLR,2026-04-19
UK022,Vistara,DEL,HYD,2026-04-19 06:22:41.701,2026-04-19 10:59:41.701,0 days 04:37:00,4.616666666666666,DEL → HYD,2026-04-19
UK099,Vistara,BOM,MAA,2026-04-19 06:16:41.702,2026-04-19 10:24:41.702,0 days 04:08:00,4.133333333333334,BOM → MAA,2026-04-19
6F212,IndiGo,BLR,CCU,2026-04-19 06:10:41.703,2026-04-19 10:52:41.703,0 days 04:42:00,4.7,BLR → CCU,2026-04-19
AI023,Air India,HYD,BLR,2026-04-19 06:10:41.701,2026-04-19 09:35:41.701,0 days 03:25:00,3.4166666666666665,HYD → BLR,2026-04-19
SJ245,SpiceJet,BOM,DEL,2026-04-19 06:07:41.704,2026-04-19 09:39:41.704,0 days 03:32:00,3.533333333333333,BOM → DEL,2026-04-19
6F066,IndiGo,BLR,HYD,2026-04-19 06:07:41.701,2026-04-19 07:43:41.701,0 days 01:36:00,1.6,BLR → HYD,2026-04-19
AI138,Air India,DEL,CCU,2026-04-19 05:50:41.702,2026-04-19 06:40:41.702,0 days 00:50:00,0.8333333333333334,DEL → CCU,2026-04-19
SJ021,SpiceJet,HYD,BLR,2026-04-19 05:48:41.701,2026-04-19 09:46:41.701,0 days 03:58:00,3.966666666666667,HYD → BLR,2026-04-19
SJ136,SpiceJet,HYD,BLR,2026-04-19 05:45:41.702,2026-04-19 08:04:41.702,0 days 02:19:00,2.316666666666667,HYD → BLR,2026-04-19
AI148,Air India,HYD,MAA,2026-04-19 05:41:41.703,2026-04-19 08:32:41.703,0 days 02:51:00,2.85,HYD → MAA,2026-04-19
SJ014,SpiceJet,BOM,HYD,2026-04-19 05:40:41.701,2026-04-19 06:39:41.701,0 days 00:59:00,0.9833333333333333,BOM → HYD,2026-04-19
6F104,IndiGo,CCU,BOM,2026-04-19 05:39:41.702,2026-04-19 06:14:41.702,0 days 00:35:00,0.5833333333333334,CCU → BOM,2026-04-19
SJ121,SpiceJet,CCU,DEL,2026-04-19 05:32:41.702,2026-04-19 06:47:41.702,0 days 01:15:00,1.25,CCU → DEL,2026-04-19
UK174,Vistara,CCU,DEL,2026-04-19 05:27:41.703,2026-04-19 07:47:41.703,0 days 02:20:00,2.3333333333333335,CCU → DEL,2026-04-19
AI033,Air India,MAA,CCU,2026-04-19 05:25:41.701,2026-04-19 10:21:41.701,0 days 04:56:00,4.933333333333334,MAA → CCU,2026-04-19
SJ122,SpiceJet,CCU,BOM,2026-04-19 05:22:41.702,2026-04-19 10:09:41.702,0 days 04:47:00,4.783333333333333,CCU → BOM,2026-04-19
UK095,Vistara,BOM,MAA,2026-04-19 05:22:41.702,2026-04-19 07:36:41.702,0 days 02:14:00,2.2333333333333334,BOM → MAA,2026-04-19
SJ026,SpiceJet,CCU,MAA,2026-04-19 05:22:41.701,2026-04-19 09:40:41.701,0 days 04:18:00,4.3,CCU → MAA,2026-04-19
6F221,IndiGo,MAA,DEL,2026-04-19 05:20:41.704,2026-04-19 08:52:41.704,0 days 03:32:00,3.533333333333333,MAA → DEL,2026-04-19
SJ103,SpiceJet,MAA,BLR,2026-04-19 05:16:41.702,2026-04-19 08:56:41.702,0 days 03:40:00,3.6666666666666665,MAA → BLR,2026-04-19
SJ011,SpiceJet,BOM,MAA,2026-04-19 05:14:41.701,2026-04-19 09:59:41.701,0 days 04:45:00,4.75,BOM → MAA,2026-04-19
AI002,Air India,HYD,BLR,2026-04-19 05:12:41.700,2026-04-19 07:12:41.700,0 days 02:00:00,2.0,HYD → BLR,2026-04-19
AI046,Air India,DEL,BOM,2026-04-19 05:09:41.701,2026-04-19 08:00:41.701,0 days 02:51:00,2.85,DEL → BOM,2026-04-19
SJ053,SpiceJet,CCU,DEL,2026-04-19 05:00:41.701,2026-04-19 06:38:41.701,0 days 01:38:00,1.6333333333333333,CCU → DEL,2026-04-19
AI236,Air India,DEL,BOM,2026-04-19 04:52:41.704,2026-04-19 09:11:41.704,0 days 04:19:00,4.316666666666666,DEL → BOM,2026-04-19
AI254,Air India,CCU,HYD,2026-04-19 04:46:41.704,2026-04-19 08:06:41.704,0 days 03:20:00,3.3333333333333335,CCU → HYD,2026-04-19
6F063,IndiGo,DEL,HYD,2026-04-19 04:42:41.701,2026-04-19 07:31:41.701,0 days 02:49:00,2.816666666666667,DEL → HYD,2026-04-19
6F115,IndiGo,MAA,BLR,2026-04-19 04:41:41.702,2026-04-19 06:23:41.702,0 days 01:42:00,1.7,MAA → BLR,2026-04-19
UK070,Vistara,BOM,DEL,2026-04-19 04:36:41.701,2026-04-19 06:49:41.701,0 days 02:13:00,2.216666666666667,BOM → DEL,2026-04-19
SJ147,SpiceJet,BLR,CCU,2026-04-19 04:30:41.702,2026-04-19 08:52:41.702,0 days 04:22:00,4.366666666666666,BLR → CCU,2026-04-19
UK201,Vistara,HYD,BOM,2026-04-19 04:29:41.703,2026-04-19 06:42:41.703,0 days 02:13:00,2.216666666666667,HYD → BOM,2026-04-19
SJ234,SpiceJet,BLR,CCU,2026-04-19 04:20:41.704,2026-04-19 06:23:41.704,0 days 02:03:00,2.05,BLR → CCU,2026-04-19
AI176,Air India,BLR,DEL,2026-04-19 04:20:41.703,2026-04-19 06:25:41.703,0 days 02:05:00,2.0833333333333335,BLR → DEL,2026-04-19
SJ045,SpiceJet,DEL,MAA,2026-04-19 04:16:41.701,2026-04-19 09:03:41.701,0 days 04:47:00,4.783333333333333,DEL → MAA,2026-04-19
SJ174,SpiceJet,CCU,DEL,2026-04-19 04:09:41.703,2026-04-19 05:04:41.703,0 days 00:55:00,0.9166666666666666,CCU → DEL,2026-04-19
AI007,Air India,MAA,DEL,2026-04-19 04:01:41.701,2026-04-19 06:01:42.000,0 days 02:00:00.299000,2.0000830555555558,MAA → DEL,2026-04-19
AI143,Air India,CCU,DEL,2026-04-19 03:58:41.702,2026-04-19 04:36:41.702,0 days 00:38:00,0.6333333333333333,CCU → DEL,2026-04-19
SJ241,SpiceJet,DEL,HYD,2026-04-19 03:57:41.704,2026-04-19 06:36:41.704,0 days 02:39:00,2.65,DEL → HYD,2026-04-19
AI020,Air India,BOM,BLR,2026-04-19 03:53:41.701,2026-04-19 06:21:41.701,0 days 02:28:00,2.466666666666667,BOM → BLR,2026-04-19
UK031,Vistara,CCU,DEL,2026-04-19 03:45:41.701,2026-04-19 07:20:41.701,0 days 03:35:00,3.5833333333333335,CCU → DEL,2026-04-19
AI013,Air India,HYD,BLR,2026-04-19 03:41:41.701,2026-04-19 04:58:41.701,0 days 01:17:00,1.2833333333333334,HYD → BLR,2026-04-19
AI249,Air India,BLR,HYD,2026-04-19 03:38:41.704,2026-04-19 06:27:41.704,0 days 02:49:00,2.816666666666667,BLR → HYD,2026-04-19
UK046,Vistara,CCU,DEL,2026-04-19 03:37:41.701,2026-04-19 06:05:41.701,0 days 02:28:00,2.466666666666667,CCU → DEL,2026-04-19
UK168,Vistara,BLR,CCU,2026-04-19 03:20:41.703,2026-04-19 04:09:41.703,0 days 00:49:00,0.8166666666666667,BLR → CCU,2026-04-19
AI022,Air India,BOM,MAA,2026-04-19 03:15:41.701,2026-04-19 05:10:41.701,0 days 01:55:00,1.9166666666666667,BOM → MAA,2026-04-19
UK218,Vistara,MAA,BLR,2026-04-19 03:12:41.704,2026-04-19 07:22:41.704,0 days 04:10:00,4.166666666666667,MAA → BLR,2026-04-19
UK142,Vistara,BLR,DEL,2026-04-19 03:03:41.703,2026-04-19 07:13:41.703,0 days 04:10:00,4.166666666666667,BLR → DEL,2026-04-19
6F067,IndiGo,MAA,BLR,2026-04-19 02:59:41.701,2026-04-19 06:02:41.701,0 days 03:03:00,3.05,MAA → BLR,2026-04-19
SJ217,SpiceJet,BOM,CCU,2026-04-19 02:57:41.703,2026-04-19 06:04:41.703,0 days 03:07:00,3.1166666666666667,BOM → CCU,2026-04-19
SJ143,SpiceJet,DEL,BOM,2026-04-19 02:55:41.702,2026-04-19 03:52:41.702,0 days 00:57:00,0.95,DEL → BOM,2026-04-19
AI243,Air India,BLR,BOM,2026-04-19 02:50:41.704,2026-04-19 05:09:41.704,0 days 02:19:00,2.316666666666667,BLR → BOM,2026-04-19
SJ246,SpiceJet,BOM,DEL,2026-04-19 02:47:41.704,2026-04-19 03:47:42.000,0 days 01:00:00.296000,1.000082222222222,BOM → DEL,2026-04-19
6F170,IndiGo,HYD,DEL,2026-04-19 02:44:41.703,2026-04-19 04:14:41.703,0 days 01:30:00,1.5,HYD → DEL,2026-04-19
UK157,Vistara,CCU,BOM,2026-04-19 02:41:41.703,2026-04-19 03:41:42.000,0 days 01:00:00.297000,1.0000825,CCU → BOM,2026-04-19
UK172,Vistara,DEL,BOM,2026-04-19 02:20:41.703,2026-04-19 05:21:41.703,0 days 03:01:00,3.0166666666666666,DEL → BOM,2026-04-19
SJ139,SpiceJet,DEL,BLR,2026-04-19 02:20:41.702,2026-04-19 06:02:41.702,0 days 03:42:00,3.7,DEL → BLR,2026-04-19
UK085,Vistara,MAA,DEL,2026-04-19 02:15:41.702,2026-04-19 03:17:41.702,0 days 01:02:00,1.0333333333333334,MAA → DEL,2026-04-19
6F079,IndiGo,MAA,HYD,2026-04-19 02:14:41.702,2026-04-19 06:18:41.702,0 days 04:04:00,4.066666666666666,MAA → HYD,2026-04-19
SJ032,SpiceJet,MAA,BOM,2026-04-19 02:11:41.701,2026-04-19 04:33:41.701,0 days 02:22:00,2.3666666666666667,MAA → BOM,2026-04-19
6F182,IndiGo,BOM,CCU,2026-04-19 02:10:41.703,2026-04-19 04:18:41.703,0 days 02:08:00,2.1333333333333333,BOM → CCU,2026-04-19
AI106,Air India,HYD,BLR,2026-04-19 02:07:41.702,2026-04-19 03:20:41.702,0 days 01:13:00,1.2166666666666666,HYD → BLR,2026-04-19
AI200,Air India,HYD,MAA,2026-04-19 02:05:41.703,2026-04-19 05:29:41.703,0 days 03:24:00,3.4,HYD → MAA,2026-04-19
6F142,IndiGo,CCU,MAA,2026-04-19 02:05:41.702,2026-04-19 06:04:41.702,0 days 03:59:00,3.9833333333333334,CCU → MAA,2026-04-19
SJ079,SpiceJet,HYD,DEL,2026-04-19 01:58:41.702,2026-04-19 05:02:41.702,0 days 03:04:00,3.066666666666667,HYD → DEL,2026-04-19
SJ082,SpiceJet,BOM,DEL,2026-04-19 01:54:41.702,2026-04-19 02:33:41.702,0 days 00:39:00,0.65,BOM → DEL,2026-04-19
SJ110,SpiceJet,CCU,DEL,2026-04-19 01:47:41.702,2026-04-19 02:20:41.702,0 days 00:33:00,0.55,CCU → DEL,2026-04-19
6F262,IndiGo,MAA,DEL,2026-04-19 01:44:41.702,2026-04-19 02:47:41.702,0 days 01:03:00,1.05,MAA → DEL,2026-04-19
UK143,Vistara,BLR,BOM,2026-04-19 01:34:41.703,2026-04-19 02:48:41.703,0 days 01:14:00,1.2333333333333334,BLR → BOM,2026-04-19
6F269,IndiGo,HYD,MAA,2026-04-19 01:30:41.702,2026-04-19 02:52:41.702,0 days 01:22:00,1.3666666666666667,HYD → MAA,2026-04-19
6F214,IndiGo,BOM,CCU,2026-04-19 01:21:41.703,2026-04-19 05:20:41.703,0 days 03:59:00,3.9833333333333334,BOM → CCU,2026-04-19
SJ213,SpiceJet,BOM,CCU,2026-04-19 01:19:41.703,2026-04-19 04:48:41.703,0 days 03:29:00,3.4833333333333334,BOM → CCU,2026-04-19
SJ072,SpiceJet,DEL,HYD,2026-04-19 01:18:41.701,2026-04-19 04:08:41.701,0 days 02:50:00,2.8333333333333335,DEL → HYD,2026-04-19
6F059,IndiGo,BOM,DEL,2026-04-19 01:12:41.701,2026-04-19 06:02:41.701,0 days 04:50:00,4.833333333333333,BOM → DEL,2026-04-19
UK202,Vistara,DEL,HYD,2026-04-19 01:11:41.703,2026-04-19 05:37:41.703,0 days 04:26:00,4.433333333333334,DEL → HYD,2026-04-19
UK037,Vistara,BLR,BOM,2026-04-19 01:10:41.701,2026-04-19 05:12:41.701,0 days 04:02:00,4.033333333333333,BLR → BOM,2026-04-19
UK069,Vistara,CCU,DEL,2026-04-19 01:10:41.701,2026-04-19 03:23:41.701,0 days 02:13:00,2.216666666666667,CCU → DEL,2026-04-19
SJ118,SpiceJet,DEL,BOM,2026-04-19 01:08:41.702,2026-04-19 02:33:41.702,0 days 01:25:00,1.4166666666666667,DEL → BOM,2026-04-19
6F145,IndiGo,CCU,DEL,2026-04-19 01:02:41.703,2026-04-19 02:18:41.703,0 days 01:16:00,1.2666666666666666,CCU → DEL,2026-04-19
UK097,Vistara,HYD,BOM,2026-04-19 00:49:41.702,2026-04-19 05:00:41.702,0 days 04:11:00,4.183333333333334,HYD → BOM,2026-04-19
6F117,IndiGo,CCU,DEL,2026-04-19 00:46:41.702,2026-04-19 01:51:41.702,0 days 01:05:00,1.0833333333333333,CCU → DEL,2026-04-19
6F226,IndiGo,DEL,BOM,2026-04-19 00:38:41.704,2026-04-19 02:55:41.704,0 days 02:17:00,2.283333333333333,DEL → BOM,2026-04-19
6F050,IndiGo,DEL,BOM,2026-04-19 00:35:41.701,2026-04-19 04:32:41.701,0 days 03:57:00,3.95,DEL → BOM,2026-04-19
UK196,Vistara,BOM,HYD,2026-04-19 00:32:41.703,2026-04-19 04:49:41.703,0 days 04:17:00,4.283333333333333,BOM → HYD,2026-04-19
SJ086,SpiceJet,CCU,DEL,2026-04-19 00:32:41.702,2026-04-19 04:17:41.702,0 days 03:45:00,3.75,CCU → DEL,2026-04-19
AI134,Air India,HYD,BOM,2026-04-19 00:28:41.702,2026-04-19 04:23:41.702,0 days 03:55:00,3.9166666666666665,HYD → BOM,2026-04-19
AI043,Air India,CCU,DEL,2026-04-19 00:28:41.701,2026-04-19 04:37:41.701,0 days 04:09:00,4.15,CCU → DEL,2026-04-19
UK119,Vistara,BOM,CCU,2026-04-19 00:21:41.702,2026-04-19 04:38:41.702,0 days 04:17:00,4.283333333333333,BOM → CCU,2026-04-19
SJ181,SpiceJet,BOM,BLR,2026-04-19 00:20:41.703,2026-04-19 01:49:41.703,0 days 01:29:00,1.4833333333333334,BOM → BLR,2026-04-19
AI070,Air India,CCU,DEL,2026-04-19 00:05:41.702,2026-04-19 01:44:41.702,0 days 01:39:00,1.65,CCU → DEL,2026-04-19
6F233,IndiGo,BLR,BOM,2026-04-18 23:56:41.704,2026-04-19 03:53:41.704,0 days 03:57:00,3.95,BLR → BOM,2026-04-18
UK013,Vistara,BOM,MAA,2026-04-18 23:52:41.701,2026-04-19 02:52:41.701,0 days 03:00:00,3.0,BOM → MAA,2026-04-18
6F015,IndiGo,BOM,CCU,2026-04-18 23:39:41.701,2026-04-19 02:27:41.701,0 days 02:48:00,2.8,BOM → CCU,2026-04-18
SJ247,SpiceJet,DEL,BOM,2026-04-18 23:38:41.704,2026-04-19 03:43:41.704,0 days 04:05:00,4.083333333333333,DEL → BOM,2026-04-18
AI067,Air India,HYD,DEL,2026-04-18 23:36:41.701,2026-04-19 03:09:41.701,0 days 03:33:00,3.55,HYD → DEL,2026-04-18
AI211,Air India,DEL,CCU,2026-04-18 23:34:41.703,2026-04-19 01:21:41.703,0 days 01:47:00,1.7833333333333334,DEL → CCU,2026-04-18
UK029,Vistara,DEL,BOM,2026-04-18 23:26:41.701,2026-04-19 02:15:41.701,0 days 02:49:00,2.816666666666667,DEL → BOM,2026-04-18
SJ200,SpiceJet,BOM,DEL,2026-04-18 23:24:41.703,2026-04-19 02:11:41.703,0 days 02:47:00,2.783333333333333,BOM → DEL,2026-04-18
6F087,IndiGo,DEL,HYD,2026-04-18 23:24:41.702,2026-04-19 03:10:41.702,0 days 03:46:00,3.7666666666666666,DEL → HYD,2026-04-18
SJ210,SpiceJet,HYD,CCU,2026-04-18 23:21:41.703,2026-04-19 02:54:41.703,0 days 03:33:00,3.55,HYD → CCU,2026-04-18
AI101,Air India,DEL,BLR,2026-04-18 23:20:41.702,2026-04-19 02:23:41.702,0 days 03:03:00,3.05,DEL → BLR,2026-04-18
UK075,Vistara,MAA,CCU,2026-04-18 23:15:41.702,2026-04-19 03:54:41.702,0 days 04:39:00,4.65,MAA → CCU,2026-04-18
SJ091,SpiceJet,BLR,CCU,2026-04-18 23:10:41.702,2026-04-19 00:47:41.702,0 days 01:37:00,1.6166666666666667,BLR → CCU,2026-04-18
AI251,Air India,MAA,DEL,2026-04-18 22:40:41.704,2026-04-18 23:24:41.704,0 days 00:44:00,0.7333333333333333,MAA → DEL,2026-04-18
SJ042,SpiceJet,HYD,CCU,2026-04-18 22:38:41.701,2026-04-19 02:20:41.701,0 days 03:42:00,3.7,HYD → CCU,2026-04-18
UK126,Vistara,CCU,DEL,2026-04-18 22:37:41.702,2026-04-19 00:03:41.702,0 days 01:26:00,1.4333333333333333,CCU → DEL,2026-04-18
6F042,IndiGo,HYD,DEL,2026-04-18 22:35:41.701,2026-04-19 02:41:41.701,0 days 04:06:00,4.1,HYD → DEL,2026-04-18
AI116,Air India,CCU,BOM,2026-04-18 22:30:41.702,2026-04-19 01:57:41.702,0 days 03:27:00,3.45,CCU → BOM,2026-04-18
SJ209,SpiceJet,BLR,BOM,2026-04-18 22:22:41.703,2026-04-19 02:03:41.703,0 days 03:41:00,3.683333333333333,BLR → BOM,2026-04-18
AI123,Air India,MAA,BOM,2026-04-18 22:19:41.702,2026-04-19 00:45:41.702,0 days 02:26:00,2.433333333333333,MAA → BOM,2026-04-18
6F016,IndiGo,HYD,BOM,2026-04-18 22:18:41.701,2026-04-18 22:54:41.701,0 days 00:36:00,0.6,HYD → BOM,2026-04-18
UK012,Vistara,MAA,BOM,2026-04-18 22:16:41.701,2026-04-19 00:25:41.701,0 days 02:09:00,2.15,MAA → BOM,2026-04-18
SJ188,SpiceJet,BLR,BOM,2026-04-18 22:15:41.703,2026-04-18 22:55:41.703,0 days 00:40:00,0.6666666666666666,BLR → BOM,2026-04-18
UK096,Vistara,BLR,HYD,2026-04-18 22:11:41.702,2026-04-19 00:06:41.702,0 days 01:55:00,1.9166666666666667,BLR → HYD,2026-04-18
SJ046,SpiceJet,BOM,MAA,2026-04-18 22:01:41.701,2026-04-19 01:25:41.701,0 days 03:24:00,3.4,BOM → MAA,2026-04-18
UK081,Vistara,BLR,DEL,2026-04-18 22:00:41.702,2026-04-18 23:00:41.702,0 days 01:00:00,1.0,BLR → DEL,2026-04-18
UK191,Vistara,MAA,BLR,2026-04-18 21:51:41.703,2026-04-18 22:57:41.703,0 days 01:06:00,1.1,MAA → BLR,2026-04-18
6F064,IndiGo,CCU,DEL,2026-04-18 21:45:41.701,2026-04-18 22:50:41.701,0 days 01:05:00,1.0833333333333333,CCU → DEL,2026-04-18
AI005,Air India,DEL,CCU,2026-04-18 21:24:41.701,2026-04-18 22:11:41.701,0 days 00:47:00,0.7833333333333333,DEL → CCU,2026-04-18
6F021,IndiGo,BLR,MAA,2026-04-18 21:23:41.701,2026-04-19 01:25:41.701,0 days 04:02:00,4.033333333333333,BLR → MAA,2026-04-18
AI169,Air India,CCU,DEL,2026-04-18 21:21:41.703,2026-04-19 01:34:41.703,0 days 04:13:00,4.216666666666667,CCU → DEL,2026-04-18
UK035,Vistara,HYD,BOM,2026-04-18 21:08:41.701,2026-04-18 22:24:41.701,0 days 01:16:00,1.2666666666666666,HYD → BOM,2026-04-18
AI040,Air India,HYD,BLR,2026-04-18 21:01:41.701,2026-04-18 22:42:41.701,0 days 01:41:00,1.6833333333333333,HYD → BLR,2026-04-18
UK042,Vistara,MAA,BOM,2026-04-18 20:59:41.701,2026-04-19 01:38:41.701,0 days 04:39:00,4.65,MAA → BOM,2026-04-18
SJ171,SpiceJet,DEL,HYD,2026-04-18 20:52:41.703,2026-04-18 23:52:41.703,0 days 03:00:00,3.0,DEL → HYD,2026-04-18
AI250,Air India,BOM,CCU,2026-04-18 20:48:41.704,2026-04-19 00:12:41.704,0 days 03:24:00,3.4,BOM → CCU,2026-04-18
SJ195,SpiceJet,BOM,CCU,2026-04-18 20:41:41.703,2026-04-18 23:54:41.703,0 days 03:13:00,3.216666666666667,BOM → CCU,2026-04-18
UK211,Vistara,MAA,CCU,2026-04-18 20:39:41.704,2026-04-18 22:02:41.704,0 days 01:23:00,1.3833333333333333,MAA → CCU,2026-04-18
UK122,Vistara,HYD,CCU,2026-04-18 20:29:42.000,2026-04-18 23:29:42.000,0 days 03:00:00,3.0,HYD → CCU,2026-04-18
AI136,Air India,BLR,DEL,2026-04-18 20:29:41.702,2026-04-18 23:48:41.702,0 days 03:19:00,3.316666666666667,BLR → DEL,2026-04-18
6F141,IndiGo,BOM,CCU,2026-04-18 20:26:41.702,2026-04-18 22:28:41.702,0 days 02:02:00,2.033333333333333,BOM → CCU,2026-04-18
6F053,IndiGo,DEL,HYD,2026-04-18 20:26:41.701,2026-04-19 00:39:41.701,0 days 04:13:00,4.216666666666667,DEL → HYD,2026-04-18
6F136,IndiGo,CCU,DEL,2026-04-18 20:24:41.702,2026-04-18 21:01:41.702,0 days 00:37:00,0.6166666666666667,CCU → DEL,2026-04-18
6F009,IndiGo,BLR,CCU,2026-04-18 20:21:41.701,2026-04-18 23:36:41.701,0 days 03:15:00,3.25,BLR → CCU,2026-04-18
6F023,IndiGo,MAA,BLR,2026-04-18 20:18:41.701,2026-04-19 00:14:41.701,0 days 03:56:00,3.933333333333333,MAA → BLR,2026-04-18
UK006,Vistara,MAA,CCU,2026-04-18 20:16:41.701,2026-04-18 21:55:41.701,0 days 01:39:00,1.65,MAA → CCU,2026-04-18
SJ165,SpiceJet,CCU,BOM,2026-04-18 20:08:41.703,2026-04-18 23:18:41.703,0 days 03:10:00,3.1666666666666665,CCU → BOM,2026-04-18
6F189,IndiGo,MAA,BLR,2026-04-18 20:08:41.703,2026-04-18 21:51:41.703,0 days 01:43:00,1.7166666666666666,MAA → BLR,2026-04-18
AI131,Air India,MAA,BOM,2026-04-18 19:55:41.702,2026-04-18 22:35:41.702,0 days 02:40:00,2.6666666666666665,MAA → BOM,2026-04-18
6F004,IndiGo,BOM,CCU,2026-04-18 19:53:41.701,2026-04-18 23:33:41.701,0 days 03:40:00,3.6666666666666665,BOM → CCU,2026-04-18
AI027,Air India,BOM,MAA,2026-04-18 19:41:41.701,2026-04-18 23:23:41.701,0 days 03:42:00,3.7,BOM → MAA,2026-04-18
AI238,Air India,CCU,MAA,2026-04-18 19:25:41.704,2026-04-19 00:07:41.704,0 days 04:42:00,4.7,CCU → MAA,2026-04-18
SJ105,SpiceJet,BOM,HYD,2026-04-18 19:22:41.702,2026-04-18 22:48:41.702,0 days 03:26:00,3.433333333333333,BOM → HYD,2026-04-18
UK088,Vistara,MAA,BLR,2026-04-18 19:16:41.702,2026-04-18 23:36:41.702,0 days 04:20:00,4.333333333333333,MAA → BLR,2026-04-18
6F035,IndiGo,CCU,HYD,2026-04-18 19:16:41.701,2026-04-18 23:40:41.701,0 days 04:24:00,4.4,CCU → HYD,2026-04-18
AI133,Air India,DEL,CCU,2026-04-18 19:12:41.702,2026-04-18 21:32:41.702,0 days 02:20:00,2.3333333333333335,DEL → CCU,2026-04-18
AI001,Air India,DEL,HYD,2026-04-18 19:00:41.700,2026-04-18 22:03:41.700,0 days 03:03:00,3.05,DEL → HYD,2026-04-18
SJ133,SpiceJet,BOM,CCU,2026-04-18 18:50:41.702,2026-04-18 21:29:41.702,0 days 02:39:00,2.65,BOM → CCU,2026-04-18
SJ216,SpiceJet,BOM,CCU,2026-04-18 18:35:41.703,2026-04-18 21:31:41.703,0 days 02:56:00,2.933333333333333,BOM → CCU,2026-04-18
SJ225,SpiceJet,DEL,HYD,2026-04-18 18:16:41.704,2026-04-18 20:53:41.704,0 days 02:37:00,2.6166666666666667,DEL → HYD,2026-04-18
AI147,Air India,HYD,CCU,2026-04-18 18:14:41.703,2026-04-18 20:10:41.703,0 days 01:56:00,1.9333333333333333,HYD → CCU,2026-04-18
SJ054,SpiceJet,MAA,BLR,2026-04-18 18:13:41.701,2026-04-18 22:46:41.701,0 days 04:33:00,4.55,MAA → BLR,2026-04-18
6F197,IndiGo,BOM,BLR,2026-04-18 17:59:41.703,2026-04-18 22:44:41.703,0 days 04:45:00,4.75,BOM → BLR,2026-04-18
SJ066,SpiceJet,HYD,CCU,2026-04-18 17:47:41.701,2026-04-18 19:03:41.701,0 days 01:16:00,1.2666666666666666,HYD → CCU,2026-04-18
SJ183,SpiceJet,CCU,DEL,2026-04-18 17:44:41.703,2026-04-18 19:40:41.703,0 days 01:56:00,1.9333333333333333,CCU → DEL,2026-04-18
SJ151,SpiceJet,BOM,CCU,2026-04-18 17:44:41.702,2026-04-18 19:16:41.702,0 days 01:32:00,1.5333333333333334,BOM → CCU,2026-04-18
SJ071,SpiceJet,CCU,MAA,2026-04-18 17:43:41.701,2026-04-18 19:32:41.701,0 days 01:49:00,1.8166666666666667,CCU → MAA,2026-04-18
SJ102,SpiceJet,MAA,CCU,2026-04-18 17:26:41.702,2026-04-18 18:58:41.702,0 days 01:32:00,1.5333333333333334,MAA → CCU,2026-04-18
AI209,Air India,BLR,CCU,2026-04-18 17:25:41.703,2026-04-18 18:37:41.703,0 days 01:12:00,1.2,BLR → CCU,2026-04-18
6F111,IndiGo,HYD,DEL,2026-04-18 17:09:41.702,2026-04-18 20:02:41.702,0 days 02:53:00,2.8833333333333333,HYD → DEL,2026-04-18
AI050,Air India,BLR,BOM,2026-04-18 17:07:41.701,2026-04-18 19:42:41.701,0 days 02:35:00,2.5833333333333335,BLR → BOM,2026-04-18
SJ189,SpiceJet,HYD,BLR,2026-04-18 17:05:41.703,2026-04-18 22:01:41.703,0 days 04:56:00,4.933333333333334,HYD → BLR,2026-04-18
UK112,Vistara,CCU,DEL,2026-04-18 17:05:41.702,2026-04-18 19:47:41.702,0 days 02:42:00,2.7,CCU → DEL,2026-04-18
6F171,IndiGo,DEL,BLR,2026-04-18 17:03:41.703,2026-04-18 18:12:41.703,0 days 01:09:00,1.15,DEL → BLR,2026-04-18
AI011,Air India,CCU,BOM,2026-04-18 16:58:41.701,2026-04-18 21:01:41.701,0 days 04:03:00,4.05,CCU → BOM,2026-04-18
6F027,IndiGo,BLR,DEL,2026-04-18 16:52:41.701,2026-04-18 18:21:41.701,0 days 01:29:00,1.4833333333333334,BLR → DEL,2026-04-18
UK082,Vistara,DEL,BOM,2026-04-18 16:50:41.702,2026-04-18 21:21:41.702,0 days 04:31:00,4.516666666666667,DEL → BOM,2026-04-18
UK138,Vistara,DEL,BLR,2026-04-18 16:47:41.703,2026-04-18 19:36:41.703,0 days 02:49:00,2.816666666666667,DEL → BLR,2026-04-18
UK198,Vistara,DEL,BLR,2026-04-18 16:43:41.703,2026-04-18 18:18:41.703,0 days 01:35:00,1.5833333333333333,DEL → BLR,2026-04-18
6F039,IndiGo,MAA,CCU,2026-04-18 16:43:41.701,2026-04-18 21:01:41.701,0 days 04:18:00,4.3,MAA → CCU,2026-04-18
6F157,IndiGo,MAA,CCU,2026-04-18 16:37:41.703,2026-04-18 18:04:41.703,0 days 01:27:00,1.45,MAA → CCU,2026-04-18
SJ024,SpiceJet,DEL,MAA,2026-04-18 16:29:41.701,2026-04-18 20:21:41.701,0 days 03:52:00,3.8666666666666667,DEL → MAA,2026-04-18
6F167,IndiGo,BLR,BOM,2026-04-18 16:26:41.703,2026-04-18 17:50:41.703,0 days 01:24:00,1.4,BLR → BOM,2026-04-18
AI197,Air India,BOM,CCU,2026-04-18 16:25:41.703,2026-04-18 20:00:41.703,0 days 03:35:00,3.5833333333333335,BOM → CCU,2026-04-18
SJ211,SpiceJet,MAA,BOM,2026-04-18 16:22:41.703,2026-04-18 18:34:41.703,0 days 02:12:00,2.2,MAA → BOM,2026-04-18
6F055,IndiGo,DEL,CCU,2026-04-18 16:21:41.701,2026-04-18 18:49:41.701,0 days 02:28:00,2.466666666666667,DEL → CCU,2026-04-18
AI253,Air India,BLR,BOM,2026-04-18 16:13:41.704,2026-04-18 19:51:41.704,0 days 03:38:00,3.6333333333333333,BLR → BOM,2026-04-18
UK060,Vistara,BLR,CCU,2026-04-18 16:09:41.701,2026-04-18 19:42:41.701,0 days 03:33:00,3.55,BLR → CCU,2026-04-18
6F257,IndiGo,MAA,CCU,2026-04-18 16:04:41.704,2026-04-18 19:55:41.704,0 days 03:51:00,3.85,MAA → CCU,2026-04-18
SJ135,SpiceJet,MAA,CCU,2026-04-18 16:03:41.702,2026-04-18 19:48:41.702,0 days 03:45:00,3.75,MAA → CCU,2026-04-18
AI247,Air India,BOM,CCU,2026-04-18 15:58:41.704,2026-04-18 19:02:41.704,0 days 03:04:00,3.066666666666667,BOM → CCU,2026-04-18
UK127,Vistara,BOM,HYD,2026-04-18 15:56:41.702,2026-04-18 20:00:41.702,0 days 04:04:00,4.066666666666666,BOM → HYD,2026-04-18
AI109,Air India,BLR,BOM,2026-04-18 15:53:41.702,2026-04-18 20:14:41.702,0 days 04:21:00,4.35,BLR → BOM,2026-04-18
AI057,Air India,BOM,CCU,2026-04-18 15:53:41.701,2026-04-18 19:22:41.701,0 days 03:29:00,3.4833333333333334,BOM → CCU,2026-04-18
6F103,IndiGo,CCU,MAA,2026-04-18 15:37:41.702,2026-04-18 18:32:41.702,0 days 02:55:00,2.9166666666666665,CCU → MAA,2026-04-18
SJ144,SpiceJet,BLR,BOM,2026-04-18 15:35:41.702,2026-04-18 19:12:41.702,0 days 03:37:00,3.6166666666666667,BLR → BOM,2026-04-18
6F076,IndiGo,CCU,HYD,2026-04-18 15:35:41.702,2026-04-18 16:20:41.702,0 days 00:45:00,0.75,CCU → HYD,2026-04-18
6F240,IndiGo,DEL,HYD,2026-04-18 15:31:41.704,2026-04-18 19:56:41.704,0 days 04:25:00,4.416666666666667,DEL → HYD,2026-04-18
UK057,Vistara,CCU,DEL,2026-04-18 15:25:41.701,2026-04-18 20:04:41.701,0 days 04:39:00,4.65,CCU → DEL,2026-04-18
AI201,Air India,BLR,CCU,2026-04-18 15:19:41.703,2026-04-18 16:40:41.703,0 days 01:21:00,1.35,BLR → CCU,2026-04-18
SJ242,SpiceJet,BLR,HYD,2026-04-18 14:55:41.704,2026-04-18 17:42:41.704,0 days 02:47:00,2.783333333333333,BLR → HYD,2026-04-18
6F037,IndiGo,BOM,MAA,2026-04-18 14:51:41.701,2026-04-18 17:23:41.701,0 days 02:32:00,2.533333333333333,BOM → MAA,2026-04-18
SJ132,SpiceJet,MAA,DEL,2026-04-18 14:44:41.702,2026-04-18 15:36:41.702,0 days 00:52:00,0.8666666666666667,MAA → DEL,2026-04-18
AI055,Air India,CCU,BOM,2026-04-18 14:39:41.701,2026-04-18 16:18:41.701,0 days 01:39:00,1.65,CCU → BOM,2026-04-18
6F252,IndiGo,MAA,BLR,2026-04-18 14:25:41.701,2026-04-18 18:52:41.701,0 days 04:27:00,4.45,MAA → BLR,2026-04-18
AI183,Air India,DEL,CCU,2026-04-18 14:24:41.703,2026-04-18 16:06:41.703,0 days 01:42:00,1.7,DEL → CCU,2026-04-18
SJ125,SpiceJet,DEL,BLR,2026-04-18 14:21:41.702,2026-04-18 16:55:41.702,0 days 02:34:00,2.566666666666667,DEL → BLR,2026-04-18
SJ087,SpiceJet,BOM,DEL,2026-04-18 14:20:41.702,2026-04-18 19:09:41.702,0 days 04:49:00,4.816666666666666,BOM → DEL,2026-04-18
UK182,Vistara,HYD,CCU,2026-04-18 14:19:41.703,2026-04-18 18:25:41.703,0 days 04:06:00,4.1,HYD → CCU,2026-04-18
AI016,Air India,BOM,CCU,2026-04-18 14:15:41.701,2026-04-18 18:38:41.701,0 days 04:23:00,4.383333333333334,BOM → CCU,2026-04-18
6F107,IndiGo,CCU,BLR,2026-04-18 14:14:41.702,2026-04-18 17:14:42.000,0 days 03:00:00.298000,3.000082777777778,CCU → BLR,2026-04-18
AI026,Air India,DEL,BOM,2026-04-18 14:14:41.701,2026-04-18 15:13:41.701,0 days 00:59:00,0.9833333333333333,DEL → BOM,2026-04-18
AI177,Air India,CCU,HYD,2026-04-18 14:11:41.703,2026-04-18 16:26:41.703,0 days 02:15:00,2.25,CCU → HYD,2026-04-18
AI041,Air India,BOM,BLR,2026-04-18 14:08:41.701,2026-04-18 15:59:41.701,0 days 01:51:00,1.85,BOM → BLR,2026-04-18
6F264,IndiGo,DEL,HYD,2026-04-18 14:03:41.701,2026-04-18 18:23:41.701,0 days 04:20:00,4.333333333333333,DEL → HYD,2026-04-18
6F222,IndiGo,HYD,MAA,2026-04-18 14:01:41.704,2026-04-18 16:11:41.704,0 days 02:10:00,2.1666666666666665,HYD → MAA,2026-04-18
AI004,Air India,HYD,MAA,2026-04-18 13:58:41.701,2026-04-18 18:12:41.701,0 days 04:14:00,4.233333333333333,HYD → MAA,2026-04-18
SJ126,SpiceJet,DEL,BLR,2026-04-18 13:47:41.702,2026-04-18 16:31:41.702,0 days 02:44:00,2.7333333333333334,DEL → BLR,2026-04-18
SJ220,SpiceJet,BOM,CCU,2026-04-18 13:45:41.703,2026-04-18 15:21:41.703,0 days 01:36:00,1.6,BOM → CCU,2026-04-18
AI204,Air India,CCU,MAA,2026-04-18 13:40:41.703,2026-04-18 18:38:41.703,0 days 04:58:00,4.966666666666667,CCU → MAA,2026-04-18
UK098,Vistara,CCU,DEL,2026-04-18 13:38:41.702,2026-04-18 17:54:41.702,0 days 04:16:00,4.266666666666667,CCU → DEL,2026-04-18
AI090,Air India,MAA,CCU,2026-04-18 13:37:41.702,2026-04-18 16:11:41.702,0 days 02:34:00,2.566666666666667,MAA → CCU,2026-04-18
AI092,Air India,CCU,BOM,2026-04-18 13:36:41.702,2026-04-18 16:20:41.702,0 days 02:44:00,2.7333333333333334,CCU → BOM,2026-04-18
AI049,Air India,CCU,MAA,2026-04-18 13:35:41.701,2026-04-18 15:48:41.701,0 days 02:13:00,2.216666666666667,CCU → MAA,2026-04-18
UK117,Vistara,BLR,BOM,2026-04-18 13:17:41.702,2026-04-18 16:54:41.702,0 days 03:37:00,3.6166666666666667,BLR → BOM,2026-04-18
6F227,IndiGo,MAA,BOM,2026-04-18 13:16:41.704,2026-04-18 17:41:41.704,0 days 04:25:00,4.416666666666667,MAA → BOM,2026-04-18
AI228,Air India,BLR,BOM,2026-04-18 13:16:41.703,2026-04-18 17:44:41.703,0 days 04:28:00,4.466666666666667,BLR → BOM,2026-04-18
SJ164,SpiceJet,CCU,MAA,2026-04-18 13:14:41.703,2026-04-18 15:14:42.000,0 days 02:00:00.297000,2.0000825,CCU → MAA,2026-04-18
AI018,Air India,BOM,CCU,2026-04-18 13:12:41.701,2026-04-18 18:04:41.701,0 days 04:52:00,4.866666666666666,BOM → CCU,2026-04-18
UK192,Vistara,HYD,DEL,2026-04-18 12:54:41.703,2026-04-18 13:54:42.000,0 days 01:00:00.297000,1.0000825,HYD → DEL,2026-04-18
SJ224,SpiceJet,DEL,MAA,2026-04-18 12:41:41.703,2026-04-18 15:33:41.703,0 days 02:52:00,2.8666666666666667,DEL → MAA,2026-04-18
UK050,Vistara,BOM,DEL,2026-04-18 12:39:41.701,2026-04-18 13:18:41.701,0 days 00:39:00,0.65,BOM → DEL,2026-04-18
SJ159,SpiceJet,CCU,DEL,2026-04-18 12:22:41.703,2026-04-18 14:05:41.703,0 days 01:43:00,1.7166666666666666,CCU → DEL,2026-04-18
UK038,Vistara,MAA,CCU,2026-04-18 12:22:41.701,2026-04-18 15:31:41.701,0 days 03:09:00,3.15,MAA → CCU,2026-04-18
6F192,IndiGo,CCU,BLR,2026-04-18 12:20:41.703,2026-04-18 16:45:41.703,0 days 04:25:00,4.416666666666667,CCU → BLR,2026-04-18
6F173,IndiGo,BOM,CCU,2026-04-18 12:19:41.703,2026-04-18 13:08:41.703,0 days 00:49:00,0.8166666666666667,BOM → CCU,2026-04-18
AI185,Air India,CCU,BOM,2026-04-18 12:16:41.703,2026-04-18 16:18:41.703,0 days 04:02:00,4.033333333333333,CCU → BOM,2026-04-18
SJ152,SpiceJet,BOM,DEL,2026-04-18 12:09:41.702,2026-04-18 13:50:41.702,0 days 01:41:00,1.6833333333333333,BOM → DEL,2026-04-18
AI215,Air India,BLR,DEL,2026-04-18 12:07:41.703,2026-04-18 13:43:41.703,0 days 01:36:00,1.6,BLR → DEL,2026-04-18
AI074,Air India,CCU,BOM,2026-04-18 12:03:41.702,2026-04-18 12:50:41.702,0 days 00:47:00,0.7833333333333333,CCU → BOM,2026-04-18
6F109,IndiGo,BLR,BOM,2026-04-18 12:00:41.702,2026-04-18 12:51:41.702,0 days 00:51:00,0.85,BLR → BOM,2026-04-18
6F144,IndiGo,HYD,BOM,2026-04-18 11:56:41.702,2026-04-18 15:11:41.702,0 days 03:15:00,3.25,HYD → BOM,2026-04-18
6F210,IndiGo,HYD,DEL,2026-04-18 11:51:41.703,2026-04-18 15:58:41.703,0 days 04:07:00,4.116666666666666,HYD → DEL,2026-04-18
SJ111,SpiceJet,DEL,MAA,2026-04-18 11:47:41.702,2026-04-18 12:59:41.702,0 days 01:12:00,1.2,DEL → MAA,2026-04-18
UK092,Vistara,MAA,BLR,2026-04-18 11:42:41.702,2026-04-18 13:17:41.702,0 days 01:35:00,1.5833333333333333,MAA → BLR,2026-04-18
UK009,Vistara,BOM,DEL,2026-04-18 11:34:41.701,2026-04-18 13:41:41.701,0 days 02:07:00,2.1166666666666667,BOM → DEL,2026-04-18
AI170,Air India,HYD,DEL,2026-04-18 11:27:41.703,2026-04-18 15:50:41.703,0 days 04:23:00,4.383333333333334,HYD → DEL,2026-04-18
6F154,IndiGo,CCU,DEL,2026-04-18 11:26:41.703,2026-04-18 12:23:41.703,0 days 00:57:00,0.95,CCU → DEL,2026-04-18
6F161,IndiGo,MAA,DEL,2026-04-18 11:24:41.703,2026-04-18 12:21:41.703,0 days 00:57:00,0.95,MAA → DEL,2026-04-18
UK128,Vistara,BOM,CCU,2026-04-18 11:22:41.702,2026-04-18 14:11:41.702,0 days 02:49:00,2.816666666666667,BOM → CCU,2026-04-18
AI186,Air India,DEL,BOM,2026-04-18 11:11:41.703,2026-04-18 13:05:41.703,0 days 01:54:00,1.9,DEL → BOM,2026-04-18
AI099,Air India,BLR,BOM,2026-04-18 11:07:41.702,2026-04-18 13:29:41.702,0 days 02:22:00,2.3666666666666667,BLR → BOM,2026-04-18
6F203,IndiGo,BLR,HYD,2026-04-18 11:05:41.703,2026-04-18 12:56:41.703,0 days 01:51:00,1.85,BLR → HYD,2026-04-18
UK139,Vistara,BLR,MAA,2026-04-18 10:54:41.703,2026-04-18 14:31:41.703,0 days 03:37:00,3.6166666666666667,BLR → MAA,2026-04-18
SJ008,SpiceJet,HYD,BLR,2026-04-18 10:53:41.701,2026-04-18 15:48:41.701,0 days 04:55:00,4.916666666666667,HYD → BLR,2026-04-18
AI171,Air India,MAA,BLR,2026-04-18 10:51:41.703,2026-04-18 13:34:41.703,0 days 02:43:00,2.716666666666667,MAA → BLR,2026-04-18
6F124,IndiGo,BLR,BOM,2026-04-18 10:47:41.702,2026-04-18 15:21:41.702,0 days 04:34:00,4.566666666666666,BLR → BOM,2026-04-18
6F137,IndiGo,CCU,DEL,2026-04-18 10:45:41.702,2026-04-18 15:01:41.702,0 days 04:16:00,4.266666666666667,CCU → DEL,2026-04-18
AI008,Air India,BOM,CCU,2026-04-18 10:43:41.701,2026-04-18 12:43:42.000,0 days 02:00:00.299000,2.0000830555555558,BOM → CCU,2026-04-18
SJ140,SpiceJet,HYD,DEL,2026-04-18 10:42:41.702,2026-04-18 14:30:41.702,0 days 03:48:00,3.8,HYD → DEL,2026-04-18
UK016,Vistara,DEL,CCU,2026-04-18 10:42:41.701,2026-04-18 11:22:41.701,0 days 00:40:00,0.6666666666666666,DEL → CCU,2026-04-18
AI127,Air India,DEL,HYD,2026-04-18 10:37:41.702,2026-04-18 13:45:41.702,0 days 03:08:00,3.1333333333333333,DEL → HYD,2026-04-18
SJ096,SpiceJet,DEL,HYD,2026-04-18 10:29:41.702,2026-04-18 13:45:41.702,0 days 03:16:00,3.2666666666666666,DEL → HYD,2026-04-18
6F048,IndiGo,HYD,DEL,2026-04-18 10:27:41.701,2026-04-18 11:18:41.701,0 days 00:51:00,0.85,HYD → DEL,2026-04-18
SJ090,SpiceJet,HYD,MAA,2026-04-18 10:24:41.702,2026-04-18 13:11:41.702,0 days 02:47:00,2.783333333333333,HYD → MAA,2026-04-18
AI014,Air India,HYD,MAA,2026-04-18 10:24:41.701,2026-04-18 13:51:41.701,0 days 03:27:00,3.45,HYD → MAA,2026-04-18
6F131,IndiGo,BLR,HYD,2026-04-18 10:22:41.702,2026-04-18 14:20:41.702,0 days 03:58:00,3.966666666666667,BLR → HYD,2026-04-18
AI130,Air India,BOM,BLR,2026-04-18 10:18:41.702,2026-04-18 12:59:41.702,0 days 02:41:00,2.683333333333333,BOM → BLR,2026-04-18
UK151,Vistara,BOM,CCU,2026-04-18 10:11:41.703,2026-04-18 13:30:41.703,0 days 03:19:00,3.316666666666667,BOM → CCU,2026-04-18
6F165,IndiGo,BLR,BOM,2026-04-18 10:11:41.703,2026-04-18 11:09:41.703,0 days 00:58:00,0.9666666666666667,BLR → BOM,2026-04-18
UK161,Vistara,BLR,BOM,2026-04-18 10:05:41.703,2026-04-18 12:48:41.703,0 days 02:43:00,2.716666666666667,BLR → BOM,2026-04-18
AI107,Air India,HYD,CCU,2026-04-18 10:03:41.702,2026-04-18 10:49:41.702,0 days 00:46:00,0.7666666666666667,HYD → CCU,2026-04-18
SJ104,SpiceJet,HYD,DEL,2026-04-18 10:00:41.702,2026-04-18 11:00:42.000,0 days 01:00:00.298000,1.0000827777777777,HYD → DEL,2026-04-18
AI042,Air India,CCU,DEL,2026-04-18 09:53:41.701,2026-04-18 10:57:41.701,0 days 01:04:00,1.0666666666666667,CCU → DEL,2026-04-18
6F266,IndiGo,CCU,MAA,2026-04-18 09:49:41.703,2026-04-18 11:17:41.703,0 days 01:28:00,1.4666666666666666,CCU → MAA,2026-04-18
6F138,IndiGo,HYD,BLR,2026-04-18 09:49:41.702,2026-04-18 12:53:41.702,0 days 03:04:00,3.066666666666667,HYD → BLR,2026-04-18
SJ219,SpiceJet,BOM,DEL,2026-04-18 09:32:41.703,2026-04-18 14:09:41.703,0 days 04:37:00,4.616666666666666,BOM → DEL,2026-04-18
UK197,Vistara,BLR,HYD,2026-04-18 09:22:41.703,2026-04-18 10:54:41.703,0 days 01:32:00,1.5333333333333334,BLR → HYD,2026-04-18
6F119,IndiGo,DEL,BOM,2026-04-18 09:19:41.702,2026-04-18 11:33:41.702,0 days 02:14:00,2.2333333333333334,DEL → BOM,2026-04-18
SJ058,SpiceJet,DEL,HYD,2026-04-18 08:58:41.701,2026-04-18 13:14:41.701,0 days 04:16:00,4.266666666666667,DEL → HYD,2026-04-18
AI218,Air India,BOM,CCU,2026-04-18 08:55:41.703,2026-04-18 11:55:41.703,0 days 03:00:00,3.0,BOM → CCU,2026-04-18
SJ060,SpiceJet,HYD,CCU,2026-04-18 08:51:41.701,2026-04-18 13:46:41.701,0 days 04:55:00,4.916666666666667,HYD → CCU,2026-04-18
UK121,Vistara,BLR,BOM,2026-04-18 08:36:41.702,2026-04-18 12:36:41.702,0 days 04:00:00,4.0,BLR → BOM,2026-04-18
6F208,IndiGo,CCU,BOM,2026-04-18 08:27:41.703,2026-04-18 11:34:41.703,0 days 03:07:00,3.1166666666666667,CCU → BOM,2026-04-18
6F153,IndiGo,CCU,BLR,2026-04-18 08:23:41.703,2026-04-18 12:20:41.703,0 days 03:57:00,3.95,CCU → BLR,2026-04-18
AI117,Air India,HYD,BLR,2026-04-18 08:18:41.702,2026-04-18 10:09:41.702,0 days 01:51:00,1.85,HYD → BLR,2026-04-18
SJ113,SpiceJet,BLR,BOM,2026-04-18 08:10:41.702,2026-04-18 10:10:42.000,0 days 02:00:00.298000,2.0000827777777777,BLR → BOM,2026-04-18
AI191,Air India,BLR,MAA,2026-04-18 07:57:41.703,2026-04-18 11:58:41.703,0 days 04:01:00,4.016666666666667,BLR → MAA,2026-04-18
6F267,IndiGo,DEL,MAA,2026-04-18 07:56:41.703,2026-04-18 11:49:41.703,0 days 03:53:00,3.8833333333333333,DEL → MAA,2026-04-18
6F185,IndiGo,CCU,DEL,2026-04-18 07:49:41.703,2026-04-18 10:08:41.703,0 days 02:19:00,2.316666666666667,CCU → DEL,2026-04-18
AI114,Air India,CCU,DEL,2026-04-18 07:48:41.702,2026-04-18 09:03:41.702,0 days 01:15:00,1.25,CCU → DEL,2026-04-18
6F155,IndiGo,DEL,BLR,2026-04-18 07:47:41.703,2026-04-18 08:20:41.703,0 days 00:33:00,0.55,DEL → BLR,2026-04-18
UK045,Vistara,MAA,HYD,2026-04-18 07:43:41.701,2026-04-18 09:28:41.701,0 days 01:45:00,1.75,MAA → HYD,2026-04-18
AI111,Air India,MAA,CCU,2026-04-18 07:40:41.702,2026-04-18 10:39:41.702,0 days 02:59:00,2.9833333333333334,MAA → CCU,2026-04-18
AI156,Air India,CCU,BOM,2026-04-18 07:39:41.703,2026-04-18 09:22:41.703,0 days 01:43:00,1.7166666666666666,CCU → BOM,2026-04-18
SJ128,SpiceJet,CCU,BLR,2026-04-18 07:39:41.702,2026-04-18 10:42:41.702,0 days 03:03:00,3.05,CCU → BLR,2026-04-18
AI104,Air India,MAA,HYD,2026-04-18 07:35:41.702,2026-04-18 09:20:41.702,0 days 01:45:00,1.75,MAA → HYD,2026-04-18
6F225,IndiGo,HYD,CCU,2026-04-18 07:33:41.704,2026-04-18 12:12:41.704,0 days 04:39:00,4.65,HYD → CCU,2026-04-18
6F033,IndiGo,DEL,HYD,2026-04-18 07:08:41.701,2026-04-18 09:08:41.701,0 days 02:00:00,2.0,DEL → HYD,2026-04-18
6F244,IndiGo,MAA,CCU,2026-04-18 07:07:41.704,2026-04-18 08:31:41.704,0 days 01:24:00,1.4,MAA → CCU,2026-04-18
UK137,Vistara,BOM,MAA,2026-04-18 07:04:41.703,2026-04-18 09:14:41.703,0 days 02:10:00,2.1666666666666665,BOM → MAA,2026-04-18
AI063,Air India,HYD,BLR,2026-04-18 07:03:41.701,2026-04-18 11:26:41.701,0 days 04:23:00,4.383333333333334,HYD → BLR,2026-04-18
SJ156,SpiceJet,BOM,DEL,2026-04-18 06:59:41.703,2026-04-18 07:34:41.703,0 days 00:35:00,0.5833333333333334,BOM → DEL,2026-04-18
UK125,Vistara,HYD,BOM,2026-04-18 06:58:41.702,2026-04-18 11:44:41.702,0 days 04:46:00,4.766666666666667,HYD → BOM,2026-04-18
AI232,Air India,DEL,BLR,2026-04-18 06:43:41.704,2026-04-18 10:13:41.704,0 days 03:30:00,3.5,DEL → BLR,2026-04-18
AI167,Air India,BLR,DEL,2026-04-18 06:43:41.703,2026-04-18 11:10:41.703,0 days 04:27:00,4.45,BLR → DEL,2026-04-18
UK160,Vistara,BLR,BOM,2026-04-18 06:42:41.703,2026-04-18 10:58:41.703,0 days 04:16:00,4.266666666666667,BLR → BOM,2026-04-18
UK129,Vistara,HYD,MAA,2026-04-18 06:29:41.702,2026-04-18 07:29:42.000,0 days 01:00:00.298000,1.0000827777777777,HYD → MAA,2026-04-18
SJ230,SpiceJet,BOM,CCU,2026-04-18 06:22:41.704,2026-04-18 10:57:41.704,0 days 04:35:00,4.583333333333333,BOM → CCU,2026-04-18
SJ056,SpiceJet,HYD,DEL,2026-04-18 06:11:41.701,2026-04-18 07:10:41.701,0 days 00:59:00,0.9833333333333333,HYD → DEL,2026-04-18
SJ137,SpiceJet,CCU,DEL,2026-04-18 06:08:41.702,2026-04-18 10:14:41.702,0 days 04:06:00,4.1,CCU → DEL,2026-04-18
6F081,IndiGo,MAA,BLR,2026-04-18 06:04:41.702,2026-04-18 07:43:41.702,0 days 01:39:00,1.65,MAA → BLR,2026-04-18
6F088,IndiGo,CCU,BLR,2026-04-18 05:51:41.702,2026-04-18 08:22:41.702,0 days 02:31:00,2.5166666666666666,CCU → BLR,2026-04-18
6F121,IndiGo,HYD,MAA,2026-04-18 05:44:41.702,2026-04-18 10:42:41.702,0 days 04:58:00,4.966666666666667,HYD → MAA,2026-04-18
UK214,Vistara,HYD,DEL,2026-04-18 05:30:41.704,2026-04-18 09:10:41.704,0 days 03:40:00,3.6666666666666665,HYD → DEL,2026-04-18
6F060,IndiGo,DEL,BLR,2026-04-18 05:29:41.701,2026-04-18 07:29:42.000,0 days 02:00:00.299000,2.0000830555555558,DEL → BLR,2026-04-18
SJ101,SpiceJet,CCU,DEL,2026-04-18 05:17:41.702,2026-04-18 06:57:41.702,0 days 01:40:00,1.6666666666666667,CCU → DEL,2026-04-18
AI017,Air India,CCU,BOM,2026-04-18 05:15:41.701,2026-04-18 08:48:41.701,0 days 03:33:00,3.55,CCU → BOM,2026-04-18
6F120,IndiGo,BLR,BOM,2026-04-18 05:14:41.702,2026-04-18 06:14:41.702,0 days 01:00:00,1.0,BLR → BOM,2026-04-18
6F217,IndiGo,BLR,BOM,2026-04-18 05:13:41.704,2026-04-18 08:01:41.704,0 days 02:48:00,2.8,BLR → BOM,2026-04-18
AI194,Air India,MAA,BLR,2026-04-18 05:09:41.703,2026-04-18 09:38:41.703,0 days 04:29:00,4.483333333333333,MAA → BLR,2026-04-18
AI095,Air India,DEL,MAA,2026-04-18 05:00:41.702,2026-04-18 08:18:41.702,0 days 03:18:00,3.3,DEL → MAA,2026-04-18
SJ190,SpiceJet,BOM,CCU,2026-04-18 04:57:41.703,2026-04-18 09:25:41.703,0 days 04:28:00,4.466666666666667,BOM → CCU,2026-04-18
6F139,IndiGo,HYD,MAA,2026-04-18 04:55:41.702,2026-04-18 08:17:41.702,0 days 03:22:00,3.3666666666666667,HYD → MAA,2026-04-18
6F062,IndiGo,CCU,DEL,2026-04-18 04:55:41.701,2026-04-18 06:22:41.701,0 days 01:27:00,1.45,CCU → DEL,2026-04-18
UK011,Vistara,CCU,DEL,2026-04-18 04:41:41.701,2026-04-18 06:25:41.701,0 days 01:44:00,1.7333333333333334,CCU → DEL,2026-04-18
6F100,IndiGo,BOM,BLR,2026-04-18 04:40:41.702,2026-04-18 07:49:41.702,0 days 03:09:00,3.15,BOM → BLR,2026-04-18
6F228,IndiGo,HYD,MAA,2026-04-18 04:36:41.704,2026-04-18 09:27:41.704,0 days 04:51:00,4.85,HYD → MAA,2026-04-18
UK033,Vistara,HYD,DEL,2026-04-18 04:34:41.701,2026-04-18 09:18:41.701,0 days 04:44:00,4.733333333333333,HYD → DEL,2026-04-18
SJ231,SpiceJet,DEL,BLR,2026-04-18 04:23:41.704,2026-04-18 05:48:41.704,0 days 01:25:00,1.4166666666666667,DEL → BLR,2026-04-18
AI166,Air India,BOM,CCU,2026-04-18 04:20:41.703,2026-04-18 07:23:41.703,0 days 03:03:00,3.05,BOM → CCU,2026-04-18
SJ176,SpiceJet,DEL,BOM,2026-04-18 04:15:41.703,2026-04-18 06:17:41.703,0 days 02:02:00,2.033333333333333,DEL → BOM,2026-04-18
SJ065,SpiceJet,MAA,BLR,2026-04-18 04:10:41.701,2026-04-18 06:54:41.701,0 days 02:44:00,2.7333333333333334,MAA → BLR,2026-04-18
6F160,IndiGo,MAA,BLR,2026-04-18 04:09:41.703,2026-04-18 08:26:41.703,0 days 04:17:00,4.283333333333333,MAA → BLR,2026-04-18
AI089,Air India,CCU,BOM,2026-04-18 04:05:41.702,2026-04-18 04:47:41.702,0 days 00:42:00,0.7,CCU → BOM,2026-04-18
UK226,Vistara,MAA,HYD,2026-04-18 03:58:41.704,2026-04-18 05:01:41.704,0 days 01:03:00,1.05,MAA → HYD,2026-04-18
SJ123,SpiceJet,BOM,CCU,2026-04-18 03:57:41.702,2026-04-18 05:25:41.702,0 days 01:28:00,1.4666666666666666,BOM → CCU,2026-04-18
AI054,Air India,HYD,CCU,2026-04-18 03:44:41.701,2026-04-18 08:10:41.701,0 days 04:26:00,4.433333333333334,HYD → CCU,2026-04-18
UK019,Vistara,BOM,HYD,2026-04-18 03:41:41.701,2026-04-18 04:35:41.701,0 days 00:54:00,0.9,BOM → HYD,2026-04-18
UK032,Vistara,BLR,BOM,2026-04-18 03:31:41.701,2026-04-18 07:28:41.701,0 days 03:57:00,3.95,BLR → BOM,2026-04-18
SJ100,SpiceJet,MAA,BLR,2026-04-18 03:28:41.702,2026-04-18 06:50:41.702,0 days 03:22:00,3.3666666666666667,MAA → BLR,2026-04-18
SJ094,SpiceJet,MAA,HYD,2026-04-18 03:23:41.702,2026-04-18 08:07:41.702,0 days 04:44:00,4.733333333333333,MAA → HYD,2026-04-18
6F101,IndiGo,BOM,MAA,2026-04-18 03:18:41.702,2026-04-18 08:15:41.702,0 days 04:57:00,4.95,BOM → MAA,2026-04-18
6F006,IndiGo,BOM,BLR,2026-04-18 03:06:41.701,2026-04-18 05:06:42.000,0 days 02:00:00.299000,2.0000830555555558,BOM → BLR,2026-04-18
AI006,Air India,BOM,BLR,2026-04-18 03:04:41.701,2026-04-18 05:54:41.701,0 days 02:50:00,2.8333333333333335,BOM → BLR,2026-04-18
AI195,Air India,CCU,MAA,2026-04-18 02:58:41.703,2026-04-18 04:57:41.703,0 days 01:59:00,1.9833333333333334,CCU → MAA,2026-04-18
UK072,Vistara,BOM,BLR,2026-04-18 02:55:41.702,2026-04-18 05:55:42.000,0 days 03:00:00.298000,3.000082777777778,BOM → BLR,2026-04-18
AI244,Air India,BLR,BOM,2026-04-18 02:50:41.704,2026-04-18 03:25:41.704,0 days 00:35:00,0.5833333333333334,BLR → BOM,2026-04-18
SJ059,SpiceJet,CCU,DEL,2026-04-18 02:50:41.701,2026-04-18 04:06:41.701,0 days 01:16:00,1.2666666666666666,CCU → DEL,2026-04-18
SJ009,SpiceJet,CCU,BLR,2026-04-18 02:48:41.701,2026-04-18 04:23:41.701,0 days 01:35:00,1.5833333333333333,CCU → BLR,2026-04-18
AI121,Air India,HYD,MAA,2026-04-18 02:42:41.702,2026-04-18 06:11:41.702,0 days 03:29:00,3.4833333333333334,HYD → MAA,2026-04-18
6F265,IndiGo,DEL,HYD,2026-04-18 02:27:41.703,2026-04-18 03:24:41.703,0 days 00:57:00,0.95,DEL → HYD,2026-04-18
6F110,IndiGo,HYD,DEL,2026-04-18 02:27:41.702,2026-04-18 05:48:41.702,0 days 03:21:00,3.35,HYD → DEL,2026-04-18
UK018,Vistara,BOM,CCU,2026-04-18 02:15:41.701,2026-04-18 04:08:41.701,0 days 01:53:00,1.8833333333333333,BOM → CCU,2026-04-18
6F072,IndiGo,BLR,CCU,2026-04-18 02:14:41.702,2026-04-18 03:11:41.702,0 days 00:57:00,0.95,BLR → CCU,2026-04-18
6F159,IndiGo,CCU,BOM,2026-04-18 02:08:41.703,2026-04-18 02:43:41.703,0 days 00:35:00,0.5833333333333334,CCU → BOM,2026-04-18
6F095,IndiGo,BLR,MAA,2026-04-18 01:53:41.702,2026-04-18 05:34:41.702,0 days 03:41:00,3.683333333333333,BLR → MAA,2026-04-18
SJ129,SpiceJet,CCU,BOM,2026-04-18 01:48:41.702,2026-04-18 05:48:41.702,0 days 04:00:00,4.0,CCU → BOM,2026-04-18
UK039,Vistara,HYD,BOM,2026-04-18 01:40:41.701,2026-04-18 02:53:41.701,0 days 01:13:00,1.2166666666666666,HYD → BOM,2026-04-18
6F130,IndiGo,DEL,HYD,2026-04-18 01:27:41.702,2026-04-18 02:45:41.702,0 days 01:18:00,1.3,DEL → HYD,2026-04-18
6F247,IndiGo,DEL,HYD,2026-04-18 01:27:41.702,2026-04-18 02:45:41.702,0 days 01:18:00,1.3,DEL → HYD,2026-04-18
SJ233,SpiceJet,DEL,HYD,2026-04-18 01:18:41.704,2026-04-18 02:56:41.704,0 days 01:38:00,1.6333333333333333,DEL → HYD,2026-04-18
6F231,IndiGo,HYD,MAA,2026-04-18 01:16:41.704,2026-04-18 05:43:41.704,0 days 04:27:00,4.45,HYD → MAA,2026-04-18
AI125,Air India,CCU,DEL,2026-04-18 01:12:41.702,2026-04-18 04:51:41.702,0 days 03:39:00,3.65,CCU → DEL,2026-04-18
6F102,IndiGo,HYD,MAA,2026-04-18 01:10:41.702,2026-04-18 02:24:41.702,0 days 01:14:00,1.2333333333333334,HYD → MAA,2026-04-18
UK078,Vistara,BOM,HYD,2026-04-18 01:03:41.702,2026-04-18 04:32:41.702,0 days 03:29:00,3.4833333333333334,BOM → HYD,2026-04-18
UK043,Vistara,DEL,HYD,2026-04-18 00:48:41.701,2026-04-18 04:52:41.701,0 days 04:04:00,4.066666666666666,DEL → HYD,2026-04-18
AI144,Air India,MAA,BOM,2026-04-18 00:43:41.702,2026-04-18 03:36:41.702,0 days 02:53:00,2.8833333333333333,MAA → BOM,2026-04-18
UK054,Vistara,BLR,BOM,2026-04-18 00:37:41.701,2026-04-18 05:30:41.701,0 days 04:53:00,4.883333333333334,BLR → BOM,2026-04-18
UK108,Vistara,DEL,BLR,2026-04-18 00:28:41.702,2026-04-18 03:46:41.702,0 days 03:18:00,3.3,DEL → BLR,2026-04-18
6F008,IndiGo,DEL,BOM,2026-04-18 00:14:41.701,2026-04-18 04:59:41.701,0 days 04:45:00,4.75,DEL → BOM,2026-04-18
6F106,IndiGo,BOM,CCU,2026-04-18 00:10:41.702,2026-04-18 01:52:41.702,0 days 01:42:00,1.7,BOM → CCU,2026-04-18
AI203,Air India,BOM,CCU,2026-04-18 00:09:41.703,2026-04-18 02:56:41.703,0 days 02:47:00,2.783333333333333,BOM → CCU,2026-04-18
AI065,Air India,MAA,BLR,2026-04-18 00:09:41.701,2026-04-18 05:00:41.701,0 days 04:51:00,4.85,MAA → BLR,2026-04-18
UK053,Vistara,BLR,BOM,2026-04-17 23:56:41.701,2026-04-18 02:46:41.701,0 days 02:50:00,2.8333333333333335,BLR → BOM,2026-04-17
UK086,Vistara,CCU,BLR,2026-04-17 23:55:41.702,2026-04-18 02:27:41.702,0 days 02:32:00,2.533333333333333,CCU → BLR,2026-04-17
SJ223,SpiceJet,HYD,MAA,2026-04-17 23:54:41.703,2026-04-18 01:08:41.703,0 days 01:14:00,1.2333333333333334,HYD → MAA,2026-04-17
6F069,IndiGo,MAA,BLR,2026-04-17 23:44:41.701,2026-04-18 03:17:41.701,0 days 03:33:00,3.55,MAA → BLR,2026-04-17
6F032,IndiGo,DEL,BOM,2026-04-17 23:43:41.701,2026-04-18 02:22:41.701,0 days 02:39:00,2.65,DEL → BOM,2026-04-17
UK178,Vistara,DEL,BLR,2026-04-17 23:41:41.703,2026-04-18 04:09:41.703,0 days 04:28:00,4.466666666666667,DEL → BLR,2026-04-17
6F108,IndiGo,DEL,HYD,2026-04-17 23:41:41.702,2026-04-18 03:23:41.702,0 days 03:42:00,3.7,DEL → HYD,2026-04-17
UK147,Vistara,CCU,DEL,2026-04-17 23:35:41.703,2026-04-18 02:55:41.703,0 days 03:20:00,3.3333333333333335,CCU → DEL,2026-04-17
AI187,Air India,BLR,HYD,2026-04-17 23:32:41.703,2026-04-18 01:16:41.703,0 days 01:44:00,1.7333333333333334,BLR → HYD,2026-04-17
UK213,Vistara,BOM,CCU,2026-04-17 23:21:41.704,2026-04-18 01:01:41.704,0 days 01:40:00,1.6666666666666667,BOM → CCU,2026-04-17
AI035,Air India,DEL,MAA,2026-04-17 23:17:41.701,2026-04-18 00:48:41.701,0 days 01:31:00,1.5166666666666666,DEL → MAA,2026-04-17
UK186,Vistara,BOM,BLR,2026-04-17 23:05:41.703,2026-04-18 02:22:41.703,0 days 03:17:00,3.283333333333333,BOM → BLR,2026-04-17
6F045,IndiGo,BOM,HYD,2026-04-17 23:04:41.701,2026-04-18 03:38:41.701,0 days 04:34:00,4.566666666666666,BOM → HYD,2026-04-17
UK025,Vistara,DEL,BOM,2026-04-17 22:55:41.701,2026-04-18 02:47:41.701,0 days 03:52:00,3.8666666666666667,DEL → BOM,2026-04-17
UK162,Vistara,BOM,CCU,2026-04-17 22:47:41.703,2026-04-18 00:21:41.703,0 days 01:34:00,1.5666666666666667,BOM → CCU,2026-04-17
AI157,Air India,BLR,CCU,2026-04-17 22:45:41.703,2026-04-18 01:33:41.703,0 days 02:48:00,2.8,BLR → CCU,2026-04-17
6F096,IndiGo,MAA,BLR,2026-04-17 22:45:41.702,2026-04-18 02:58:41.702,0 days 04:13:00,4.216666666666667,MAA → BLR,2026-04-17
SJ229,SpiceJet,CCU,DEL,2026-04-17 22:25:41.704,2026-04-18 00:27:41.704,0 days 02:02:00,2.033333333333333,CCU → DEL,2026-04-17
AI214,Air India,CCU,DEL,2026-04-17 22:23:41.703,2026-04-18 02:49:41.703,0 days 04:26:00,4.433333333333334,CCU → DEL,2026-04-17
6F205,IndiGo,HYD,BOM,2026-04-17 22:16:41.703,2026-04-18 00:02:41.703,0 days 01:46:00,1.7666666666666666,HYD → BOM,2026-04-17
SJ157,SpiceJet,DEL,HYD,2026-04-17 22:11:41.703,2026-04-18 01:05:41.703,0 days 02:54:00,2.9,DEL → HYD,2026-04-17
UK114,Vistara,HYD,CCU,2026-04-17 22:10:41.702,2026-04-17 23:58:41.702,0 days 01:48:00,1.8,HYD → CCU,2026-04-17
6F054,IndiGo,HYD,BLR,2026-04-17 22:00:41.701,2026-04-18 01:25:41.701,0 days 03:25:00,3.4166666666666665,HYD → BLR,2026-04-17
6F216,IndiGo,BLR,DEL,2026-04-17 21:58:41.704,2026-04-18 02:51:41.704,0 days 04:53:00,4.883333333333334,BLR → DEL,2026-04-17
AI231,Air India,DEL,HYD,2026-04-17 21:52:41.704,2026-04-17 23:51:41.704,0 days 01:59:00,1.9833333333333334,DEL → HYD,2026-04-17
UK103,Vistara,MAA,DEL,2026-04-17 21:52:41.702,2026-04-18 01:06:41.702,0 days 03:14:00,3.2333333333333334,MAA → DEL,2026-04-17
AI066,Air India,HYD,MAA,2026-04-17 21:51:41.701,2026-04-18 00:11:41.701,0 days 02:20:00,2.3333333333333335,HYD → MAA,2026-04-17
6F186,IndiGo,HYD,BOM,2026-04-17 21:48:41.703,2026-04-18 02:02:41.703,0 days 04:14:00,4.233333333333333,HYD → BOM,2026-04-17
AI021,Air India,DEL,HYD,2026-04-17 21:39:41.701,2026-04-18 01:38:41.701,0 days 03:59:00,3.9833333333333334,DEL → HYD,2026-04-17
AI113,Air India,CCU,HYD,2026-04-17 21:21:41.702,2026-04-17 23:51:41.702,0 days 02:30:00,2.5,CCU → HYD,2026-04-17
SJ031,SpiceJet,DEL,BOM,2026-04-17 21:20:41.701,2026-04-17 22:29:41.701,0 days 01:09:00,1.15,DEL → BOM,2026-04-17
UK217,Vistara,MAA,CCU,2026-04-17 21:19:41.704,2026-04-17 22:14:41.704,0 days 00:55:00,0.9166666666666666,MAA → CCU,2026-04-17
SJ120,SpiceJet,MAA,BLR,2026-04-17 21:19:41.702,2026-04-18 00:56:41.702,0 days 03:37:00,3.6166666666666667,MAA → BLR,2026-04-17
UK180,Vistara,CCU,MAA,2026-04-17 21:18:41.703,2026-04-17 23:29:41.703,0 days 02:11:00,2.183333333333333,CCU → MAA,2026-04-17
6F242,IndiGo,BLR,MAA,2026-04-17 21:10:41.704,2026-04-18 01:04:41.704,0 days 03:54:00,3.9,BLR → MAA,2026-04-17
UK080,Vistara,BLR,MAA,2026-04-17 21:09:41.702,2026-04-17 22:29:41.702,0 days 01:20:00,1.3333333333333333,BLR → MAA,2026-04-17
SJ124,SpiceJet,HYD,DEL,2026-04-17 21:05:41.702,2026-04-18 01:12:41.702,0 days 04:07:00,4.116666666666666,HYD → DEL,2026-04-17
SJ115,SpiceJet,BOM,HYD,2026-04-17 21:05:41.702,2026-04-17 23:10:41.702,0 days 02:05:00,2.0833333333333335,BOM → HYD,2026-04-17
AI081,Air India,CCU,BOM,2026-04-17 21:03:41.702,2026-04-17 22:51:41.702,0 days 01:48:00,1.8,CCU → BOM,2026-04-17
AI142,Air India,BOM,DEL,2026-04-17 20:49:41.702,2026-04-17 23:03:41.702,0 days 02:14:00,2.2333333333333334,BOM → DEL,2026-04-17
UK052,Vistara,BLR,CCU,2026-04-17 20:48:41.701,2026-04-17 21:40:41.701,0 days 00:52:00,0.8666666666666667,BLR → CCU,2026-04-17
UK014,Vistara,HYD,MAA,2026-04-17 20:41:41.701,2026-04-17 22:06:41.701,0 days 01:25:00,1.4166666666666667,HYD → MAA,2026-04-17
AI230,Air India,CCU,BLR,2026-04-17 20:37:41.704,2026-04-18 00:22:41.704,0 days 03:45:00,3.75,CCU → BLR,2026-04-17
6F268,IndiGo,DEL,MAA,2026-04-17 20:29:41.701,2026-04-17 21:58:41.701,0 days 01:29:00,1.4833333333333334,DEL → MAA,2026-04-17
AI124,Air India,CCU,HYD,2026-04-17 20:28:41.702,2026-04-18 00:00:41.702,0 days 03:32:00,3.533333333333333,CCU → HYD,2026-04-17
6F082,IndiGo,BOM,BLR,2026-04-17 20:26:41.702,2026-04-17 22:26:41.702,0 days 02:00:00,2.0,BOM → BLR,2026-04-17
SJ035,SpiceJet,CCU,DEL,2026-04-17 20:15:41.701,2026-04-17 21:15:42.000,0 days 01:00:00.299000,1.0000830555555555,CCU → DEL,2026-04-17
SJ095,SpiceJet,DEL,MAA,2026-04-17 20:09:41.702,2026-04-17 23:13:41.702,0 days 03:04:00,3.066666666666667,DEL → MAA,2026-04-17
UK230,Vistara,BLR,BOM,2026-04-17 20:02:41.704,2026-04-17 21:35:41.704,0 days 01:33:00,1.55,BLR → BOM,2026-04-17
UK171,Vistara,HYD,CCU,2026-04-17 19:59:41.703,2026-04-17 22:53:41.703,0 days 02:54:00,2.9,HYD → CCU,2026-04-17
6F147,IndiGo,HYD,MAA,2026-04-17 19:57:41.703,2026-04-18 00:31:41.703,0 days 04:34:00,4.566666666666666,HYD → MAA,2026-04-17
SJ212,SpiceJet,MAA,BLR,2026-04-17 19:49:41.703,2026-04-17 21:44:41.703,0 days 01:55:00,1.9166666666666667,MAA → BLR,2026-04-17
6F080,IndiGo,HYD,MAA,2026-04-17 19:47:41.702,2026-04-17 23:13:41.702,0 days 03:26:00,3.433333333333333,HYD → MAA,2026-04-17
UK049,Vistara,HYD,BOM,2026-04-17 19:47:41.701,2026-04-17 20:32:41.701,0 days 00:45:00,0.75,HYD → BOM,2026-04-17
AI152,Air India,BLR,CCU,2026-04-17 19:21:41.703,2026-04-17 20:26:41.703,0 days 01:05:00,1.0833333333333333,BLR → CCU,2026-04-17
AI162,Air India,MAA,DEL,2026-04-17 19:20:41.703,2026-04-17 22:40:41.703,0 days 03:20:00,3.3333333333333335,MAA → DEL,2026-04-17
SJ037,SpiceJet,BLR,BOM,2026-04-17 19:14:41.701,2026-04-17 22:31:41.701,0 days 03:17:00,3.283333333333333,BLR → BOM,2026-04-17
AI172,Air India,BOM,CCU,2026-04-17 19:08:41.703,2026-04-17 19:53:41.703,0 days 00:45:00,0.75,BOM → CCU,2026-04-17
UK205,Vistara,HYD,MAA,2026-04-17 18:57:41.703,2026-04-17 21:46:41.703,0 days 02:49:00,2.816666666666667,HYD → MAA,2026-04-17
AI199,Air India,HYD,DEL,2026-04-17 18:47:41.703,2026-04-17 22:26:41.703,0 days 03:39:00,3.65,HYD → DEL,2026-04-17
6F241,IndiGo,DEL,HYD,2026-04-17 18:27:41.704,2026-04-17 19:02:41.704,0 days 00:35:00,0.5833333333333334,DEL → HYD,2026-04-17
SJ041,SpiceJet,CCU,HYD,2026-04-17 18:24:41.701,2026-04-17 22:59:41.701,0 days 04:35:00,4.583333333333333,CCU → HYD,2026-04-17
AI064,Air India,BLR,MAA,2026-04-17 18:24:41.701,2026-04-17 20:07:41.701,0 days 01:43:00,1.7166666666666666,BLR → MAA,2026-04-17
UK169,Vistara,HYD,DEL,2026-04-17 18:12:41.703,2026-04-17 23:01:41.703,0 days 04:49:00,4.816666666666666,HYD → DEL,2026-04-17
UK144,Vistara,BOM,CCU,2026-04-17 18:07:41.703,2026-04-17 20:59:41.703,0 days 02:52:00,2.8666666666666667,BOM → CCU,2026-04-17
AI118,Air India,HYD,MAA,2026-04-17 17:50:41.702,2026-04-17 19:59:41.702,0 days 02:09:00,2.15,HYD → MAA,2026-04-17
SJ145,SpiceJet,BLR,HYD,2026-04-17 17:41:41.702,2026-04-17 20:38:41.702,0 days 02:57:00,2.95,BLR → HYD,2026-04-17
SJ077,SpiceJet,BLR,MAA,2026-04-17 17:32:41.701,2026-04-17 19:40:41.701,0 days 02:08:00,2.1333333333333333,BLR → MAA,2026-04-17
AI126,Air India,MAA,HYD,2026-04-17 17:26:41.702,2026-04-17 20:48:41.702,0 days 03:22:00,3.3666666666666667,MAA → HYD,2026-04-17
SJ033,SpiceJet,HYD,DEL,2026-04-17 17:26:41.701,2026-04-17 18:51:41.701,0 days 01:25:00,1.4166666666666667,HYD → DEL,2026-04-17
SJ180,SpiceJet,HYD,CCU,2026-04-17 17:12:41.703,2026-04-17 22:00:41.703,0 days 04:48:00,4.8,HYD → CCU,2026-04-17
6F183,IndiGo,MAA,HYD,2026-04-17 17:08:41.703,2026-04-17 19:52:41.703,0 days 02:44:00,2.7333333333333334,MAA → HYD,2026-04-17
AI145,Air India,DEL,BOM,2026-04-17 17:06:41.702,2026-04-17 21:31:41.702,0 days 04:25:00,4.416666666666667,DEL → BOM,2026-04-17
6F089,IndiGo,DEL,HYD,2026-04-17 17:06:41.702,2026-04-17 19:10:41.702,0 days 02:04:00,2.066666666666667,DEL → HYD,2026-04-17
6F207,IndiGo,BOM,HYD,2026-04-17 16:59:41.703,2026-04-17 21:00:41.703,0 days 04:01:00,4.016666666666667,BOM → HYD,2026-04-17
AI229,Air India,HYD,MAA,2026-04-17 16:48:41.703,2026-04-17 18:40:41.703,0 days 01:52:00,1.8666666666666667,HYD → MAA,2026-04-17
6F223,IndiGo,MAA,BLR,2026-04-17 16:47:41.704,2026-04-17 17:21:41.704,0 days 00:34:00,0.5666666666666667,MAA → BLR,2026-04-17
6F116,IndiGo,MAA,CCU,2026-04-17 16:43:41.702,2026-04-17 19:02:41.702,0 days 02:19:00,2.316666666666667,MAA → CCU,2026-04-17
SJ240,SpiceJet,BOM,HYD,2026-04-17 16:42:41.704,2026-04-17 20:21:41.704,0 days 03:39:00,3.65,BOM → HYD,2026-04-17
SJ184,SpiceJet,CCU,DEL,2026-04-17 16:32:41.703,2026-04-17 21:00:41.703,0 days 04:28:00,4.466666666666667,CCU → DEL,2026-04-17
AI087,Air India,MAA,DEL,2026-04-17 16:32:41.702,2026-04-17 20:30:41.702,0 days 03:58:00,3.966666666666667,MAA → DEL,2026-04-17
UK148,Vistara,HYD,BOM,2026-04-17 16:31:41.703,2026-04-17 18:43:41.703,0 days 02:12:00,2.2,HYD → BOM,2026-04-17
AI210,Air India,BLR,BOM,2026-04-17 16:13:41.703,2026-04-17 18:50:41.703,0 days 02:37:00,2.6166666666666667,BLR → BOM,2026-04-17
6F093,IndiGo,CCU,DEL,2026-04-17 16:09:41.702,2026-04-17 20:00:41.702,0 days 03:51:00,3.85,CCU → DEL,2026-04-17
SJ080,SpiceJet,CCU,MAA,2026-04-17 16:04:41.702,2026-04-17 17:59:41.702,0 days 01:55:00,1.9166666666666667,CCU → MAA,2026-04-17
SJ005,SpiceJet,DEL,MAA,2026-04-17 16:03:41.701,2026-04-17 17:24:41.701,0 days 01:21:00,1.35,DEL → MAA,2026-04-17
6F040,IndiGo,HYD,CCU,2026-04-17 15:52:41.701,2026-04-17 20:33:41.701,0 days 04:41:00,4.683333333333334,HYD → CCU,2026-04-17
AI212,Air India,DEL,CCU,2026-04-17 15:31:41.703,2026-04-17 20:13:41.703,0 days 04:42:00,4.7,DEL → CCU,2026-04-17
AI154,Air India,HYD,MAA,2026-04-17 15:25:41.703,2026-04-17 19:16:41.703,0 days 03:51:00,3.85,HYD → MAA,2026-04-17
6F239,IndiGo,CCU,BOM,2026-04-17 15:24:41.704,2026-04-17 17:37:41.704,0 days 02:13:00,2.216666666666667,CCU → BOM,2026-04-17
UK199,Vistara,BOM,CCU,2026-04-17 15:24:41.703,2026-04-17 18:55:41.703,0 days 03:31:00,3.5166666666666666,BOM → CCU,2026-04-17
6F218,IndiGo,BLR,BOM,2026-04-17 15:16:41.704,2026-04-17 19:03:41.704,0 days 03:47:00,3.783333333333333,BLR → BOM,2026-04-17
6F011,IndiGo,MAA,BLR,2026-04-17 15:16:41.701,2026-04-17 17:16:42.000,0 days 02:00:00.299000,2.0000830555555558,MAA → BLR,2026-04-17
UK106,Vistara,BOM,CCU,2026-04-17 15:12:41.702,2026-04-17 17:23:41.702,0 days 02:11:00,2.183333333333333,BOM → CCU,2026-04-17
UK030,Vistara,CCU,DEL,2026-04-17 15:11:41.701,2026-04-17 19:38:41.701,0 days 04:27:00,4.45,CCU → DEL,2026-04-17
6F090,IndiGo,HYD,BLR,2026-04-17 15:10:41.702,2026-04-17 19:22:41.702,0 days 04:12:00,4.2,HYD → BLR,2026-04-17
AI184,Air India,BOM,CCU,2026-04-17 15:03:41.703,2026-04-17 17:03:42.000,0 days 02:00:00.297000,2.0000825,BOM → CCU,2026-04-17
SJ232,SpiceJet,MAA,BLR,2026-04-17 15:02:41.704,2026-04-17 19:22:41.704,0 days 04:20:00,4.333333333333333,MAA → BLR,2026-04-17
AI153,Air India,BOM,CCU,2026-04-17 15:02:41.703,2026-04-17 16:30:41.703,0 days 01:28:00,1.4666666666666666,BOM → CCU,2026-04-17
UK101,Vistara,DEL,HYD,2026-04-17 15:00:41.702,2026-04-17 17:43:41.702,0 days 02:43:00,2.716666666666667,DEL → HYD,2026-04-17
6F200,IndiGo,HYD,DEL,2026-04-17 14:54:41.703,2026-04-17 19:41:41.703,0 days 04:47:00,4.783333333333333,HYD → DEL,2026-04-17
6F162,IndiGo,CCU,BOM,2026-04-17 14:50:41.703,2026-04-17 17:44:41.703,0 days 02:54:00,2.9,CCU → BOM,2026-04-17
SJ197,SpiceJet,HYD,BLR,2026-04-17 14:49:41.703,2026-04-17 17:33:41.703,0 days 02:44:00,2.7333333333333334,HYD → BLR,2026-04-17
AI174,Air India,DEL,CCU,2026-04-17 14:45:41.703,2026-04-17 17:01:41.703,0 days 02:16:00,2.2666666666666666,DEL → CCU,2026-04-17
UK090,Vistara,HYD,MAA,2026-04-17 14:44:41.702,2026-04-17 17:24:41.702,0 days 02:40:00,2.6666666666666665,HYD → MAA,2026-04-17
UK124,Vistara,MAA,BLR,2026-04-17 14:35:41.702,2026-04-17 17:09:41.702,0 days 02:34:00,2.566666666666667,MAA → BLR,2026-04-17
AI239,Air India,BOM,HYD,2026-04-17 14:33:41.704,2026-04-17 17:47:41.704,0 days 03:14:00,3.2333333333333334,BOM → HYD,2026-04-17
UK002,Vistara,CCU,MAA,2026-04-17 14:28:41.700,2026-04-17 19:20:41.700,0 days 04:52:00,4.866666666666666,CCU → MAA,2026-04-17
SJ055,SpiceJet,HYD,MAA,2026-04-17 14:17:41.701,2026-04-17 17:56:41.701,0 days 03:39:00,3.65,HYD → MAA,2026-04-17
UK132,Vistara,BOM,DEL,2026-04-17 14:12:41.702,2026-04-17 16:19:41.702,0 days 02:07:00,2.1166666666666667,BOM → DEL,2026-04-17
6F002,IndiGo,BLR,MAA,2026-04-17 14:11:41.700,2026-04-17 17:34:41.700,0 days 03:23:00,3.3833333333333333,BLR → MAA,2026-04-17
UK005,Vistara,BOM,MAA,2026-04-17 14:02:41.701,2026-04-17 18:14:41.701,0 days 04:12:00,4.2,BOM → MAA,2026-04-17
6F258,IndiGo,BOM,DEL,2026-04-17 13:54:41.703,2026-04-17 16:49:41.703,0 days 02:55:00,2.9166666666666665,BOM → DEL,2026-04-17
SJ244,SpiceJet,BLR,DEL,2026-04-17 13:51:41.704,2026-04-17 15:39:41.704,0 days 01:48:00,1.8,BLR → DEL,2026-04-17
AI075,Air India,CCU,DEL,2026-04-17 13:51:41.702,2026-04-17 16:49:41.702,0 days 02:58:00,2.966666666666667,CCU → DEL,2026-04-17
AI160,Air India,MAA,DEL,2026-04-17 13:41:41.703,2026-04-17 17:01:41.703,0 days 03:20:00,3.3333333333333335,MAA → DEL,2026-04-17
UK091,Vistara,CCU,BOM,2026-04-17 13:37:41.702,2026-04-17 17:31:41.702,0 days 03:54:00,3.9,CCU → BOM,2026-04-17
UK195,Vistara,HYD,BOM,2026-04-17 13:35:41.703,2026-04-17 16:35:41.703,0 days 03:00:00,3.0,HYD → BOM,2026-04-17
6F044,IndiGo,DEL,HYD,2026-04-17 13:25:41.701,2026-04-17 17:36:41.701,0 days 04:11:00,4.183333333333334,DEL → HYD,2026-04-17
6F248,IndiGo,DEL,HYD,2026-04-17 13:25:41.701,2026-04-17 17:36:41.701,0 days 04:11:00,4.183333333333334,DEL → HYD,2026-04-17
6F204,IndiGo,DEL,CCU,2026-04-17 13:23:41.703,2026-04-17 16:04:41.703,0 days 02:41:00,2.683333333333333,DEL → CCU,2026-04-17
SJ092,SpiceJet,BLR,MAA,2026-04-17 13:19:41.702,2026-04-17 17:56:41.702,0 days 04:37:00,4.616666666666666,BLR → MAA,2026-04-17
AI119,Air India,MAA,BLR,2026-04-17 13:15:41.702,2026-04-17 15:57:41.702,0 days 02:42:00,2.7,MAA → BLR,2026-04-17
AI151,Air India,MAA,HYD,2026-04-17 13:14:41.703,2026-04-17 14:10:41.703,0 days 00:56:00,0.9333333333333333,MAA → HYD,2026-04-17
UK107,Vistara,HYD,BOM,2026-04-17 13:09:41.702,2026-04-17 14:25:41.702,0 days 01:16:00,1.2666666666666666,HYD → BOM,2026-04-17
SJ019,SpiceJet,BLR,DEL,2026-04-17 13:07:41.701,2026-04-17 15:56:41.701,0 days 02:49:00,2.816666666666667,BLR → DEL,2026-04-17
AI052,Air India,CCU,MAA,2026-04-17 13:06:41.701,2026-04-17 15:42:41.701,0 days 02:36:00,2.6,CCU → MAA,2026-04-17
SJ177,SpiceJet,BOM,CCU,2026-04-17 13:04:41.703,2026-04-17 17:37:41.703,0 days 04:33:00,4.55,BOM → CCU,2026-04-17
6F215,IndiGo,DEL,BLR,2026-04-17 13:00:41.703,2026-04-17 17:30:41.703,0 days 04:30:00,4.5,DEL → BLR,2026-04-17
AI223,Air India,BOM,CCU,2026-04-17 12:53:41.703,2026-04-17 14:42:41.703,0 days 01:49:00,1.8166666666666667,BOM → CCU,2026-04-17
SJ069,SpiceJet,HYD,BLR,2026-04-17 12:53:41.701,2026-04-17 14:17:41.701,0 days 01:24:00,1.4,HYD → BLR,2026-04-17
6F198,IndiGo,HYD,BLR,2026-04-17 12:40:41.703,2026-04-17 17:39:41.703,0 days 04:59:00,4.983333333333333,HYD → BLR,2026-04-17
AI093,Air India,BOM,BLR,2026-04-17 12:35:41.702,2026-04-17 17:28:41.702,0 days 04:53:00,4.883333333333334,BOM → BLR,2026-04-17
UK062,Vistara,HYD,DEL,2026-04-17 12:33:41.701,2026-04-17 15:35:41.701,0 days 03:02:00,3.033333333333333,HYD → DEL,2026-04-17
6F057,IndiGo,MAA,DEL,2026-04-17 12:32:41.701,2026-04-17 15:50:41.701,0 days 03:18:00,3.3,MAA → DEL,2026-04-17
UK064,Vistara,BOM,DEL,2026-04-17 12:25:41.701,2026-04-17 14:55:41.701,0 days 02:30:00,2.5,BOM → DEL,2026-04-17
